RELATIVE_TIME_SEC,YIELD,DATE
0,0.0,2020-05-15
4,0.0,2020-05-15
8,0.0,2020-05-15
12,0.0,2020-05-15
16,0.0,2020-05-15
20,0.0,2020-05-15
24,0.0,2020-05-15
28,0.0,2020-05-15
32,0.0,2020-05-15
36,0.0,2020-05-15
40,0.0,2020-05-15
44,0.0,2020-05-15
48,0.0,2020-05-15
52,0.0,2020-05-15
56,0.0,2020-05-15
60,0.0,2020-05-15
64,0.0,2020-05-15
68,0.0,2020-05-15
72,0.0,2020-05-15
76,0.0,2020-05-15
80,0.0,2020-05-15
84,0.0,2020-05-15
88,0.0,2020-05-15
92,0.0,2020-05-15
96,15.090606060606056,2020-05-15
100,26.68997835497835,2020-05-15
104,58.37298701298701,2020-05-15
108,156.85896103896104,2020-05-15
112,306.05696969696965,2020-05-15
116,380.89272727272714,2020-05-15
120,459.5151082251083,2020-05-15
124,547.8287012987013,2020-05-15
128,562.7075108225108,2020-05-15
132,639.6036363636364,2020-05-15
136,729.6824242424243,2020-05-15
140,808.0512987012986,2020-05-15
144,849.878787878788,2020-05-15
148,917.9660822510822,2020-05-15
152,908.9721212121214,2020-05-15
156,866.3256493506492,2020-05-15
160,844.123658008658,2020-05-15
164,793.8751515151515,2020-05-15
168,821.5454545454545,2020-05-15
172,849.2807575757575,2020-05-15
176,817.1743939393941,2020-05-15
180,807.1525108225109,2020-05-15
184,818.6209090909091,2020-05-15
188,775.4409090909091,2020-05-15
192,771.320541125541,2020-05-15
196,818.5784415584417,2020-05-15
200,802.8022077922077,2020-05-15
204,799.3784848484847,2020-05-15
208,810.8242424242427,2020-05-15
212,807.6702597402596,2020-05-15
216,849.3676190476191,2020-05-15
220,806.6508441558442,2020-05-15
224,829.2242424242424,2020-05-15
228,853.3781818181816,2020-05-15
232,773.6151731601731,2020-05-15
236,830.5656493506493,2020-05-15
240,912.6236147186148,2020-05-15
244,869.692424242424,2020-05-15
248,638.2866666666667,2020-05-15
252,720.7140909090909,2020-05-15
256,644.8457142857143,2020-05-15
260,473.0917532467533,2020-05-15
264,423.1878787878788,2020-05-15
268,442.44545454545454,2020-05-15
272,290.4206493506494,2020-05-15
276,194.05679653679653,2020-05-15
280,95.04757575757576,2020-05-15
284,38.53515151515152,2020-05-15
288,24.783636363636365,2020-05-15
292,15.18082251082251,2020-05-15
296,2.351450216450216,2020-05-15
300,0.0,2020-05-15
304,0.0,2020-05-15
308,0.0,2020-05-15
312,0.0,2020-05-15
316,0.0,2020-05-15
320,0.0,2020-05-15
324,0.0,2020-05-15
328,0.0,2020-05-15
332,0.0,2020-05-15
336,0.0,2020-05-15
340,0.0,2020-05-15
344,0.0,2020-05-15
348,0.0,2020-05-15
352,0.0,2020-05-15
356,0.0,2020-05-15
360,0.0,2020-05-15
364,0.0,2020-05-15
368,0.0,2020-05-15
372,0.0,2020-05-15
376,0.0,2020-05-15
380,0.0,2020-05-16
384,0.0,2020-05-16
388,0.0,2020-05-16
392,0.0,2020-05-16
396,0.0,2020-05-16
400,0.0,2020-05-16
404,0.0,2020-05-16
408,0.0,2020-05-16
412,0.0,2020-05-16
416,0.0,2020-05-16
420,0.0,2020-05-16
424,0.0,2020-05-16
428,0.0,2020-05-16
432,0.0,2020-05-16
436,0.0,2020-05-16
440,0.0,2020-05-16
444,0.0,2020-05-16
448,0.0,2020-05-16
452,0.0,2020-05-16
456,0.0,2020-05-16
460,0.0,2020-05-16
464,0.0,2020-05-16
468,0.0,2020-05-16
472,0.0,2020-05-16
476,14.252619047619048,2020-05-16
480,46.947272727272725,2020-05-16
484,86.0021645021645,2020-05-16
488,126.8439393939394,2020-05-16
492,168.2261471861472,2020-05-16
496,251.68742424242427,2020-05-16
500,388.9672727272727,2020-05-16
504,385.2907575757574,2020-05-16
508,543.521515151515,2020-05-16
512,622.6311904761905,2020-05-16
516,705.1878571428571,2020-05-16
520,751.4684848484849,2020-05-16
524,847.4117748917746,2020-05-16
528,907.4729437229436,2020-05-16
532,963.4012121212122,2020-05-16
536,960.5802380952383,2020-05-16
540,810.0984848484848,2020-05-16
544,846.2631601731601,2020-05-16
548,754.38158008658,2020-05-16
552,774.6305194805194,2020-05-16
556,798.6749350649351,2020-05-16
560,808.3179437229436,2020-05-16
564,831.4600000000002,2020-05-16
568,794.7768614718615,2020-05-16
572,732.7194155844157,2020-05-16
576,620.9154112554113,2020-05-16
580,724.8827922077921,2020-05-16
584,502.5983766233766,2020-05-16
588,743.878658008658,2020-05-16
592,752.2504112554113,2020-05-16
596,814.9494155844154,2020-05-16
600,479.3366233766233,2020-05-16
604,635.3081818181818,2020-05-16
608,859.7726839826839,2020-05-16
612,866.1474458874458,2020-05-16
616,626.7599350649351,2020-05-16
620,632.3506277056277,2020-05-16
624,443.91848484848475,2020-05-16
628,572.7090043290044,2020-05-16
632,457.9732251082251,2020-05-16
636,329.3930952380952,2020-05-16
640,318.4176623376623,2020-05-16
644,165.3730303030303,2020-05-16
648,99.8977922077922,2020-05-16
652,127.95192640692639,2020-05-16
656,44.97361471861472,2020-05-16
660,15.9569696969697,2020-05-16
664,7.730606060606059,2020-05-16
668,0.7855844155844154,2020-05-16
672,0.0,2020-05-16
676,0.0,2020-05-16
680,0.0,2020-05-16
684,0.0,2020-05-16
688,0.0,2020-05-16
692,0.0,2020-05-16
696,0.0,2020-05-16
700,0.0,2020-05-16
704,0.0,2020-05-16
708,0.0,2020-05-16
712,0.0,2020-05-16
716,0.0,2020-05-16
720,0.0,2020-05-16
724,0.0,2020-05-16
728,0.0,2020-05-16
732,0.0,2020-05-16
736,0.0,2020-05-16
740,0.0,2020-05-16
744,0.0,2020-05-16
748,0.0,2020-05-16
752,0.0,2020-05-16
756,0.0,2020-05-16
760,0.0,2020-05-16
764,0.0,2020-05-17
768,0.0,2020-05-17
772,0.0,2020-05-17
776,0.0,2020-05-17
780,0.0,2020-05-17
784,0.0,2020-05-17
788,0.0,2020-05-17
792,0.0,2020-05-17
796,0.0,2020-05-17
800,0.0,2020-05-17
804,0.0,2020-05-17
808,0.0,2020-05-17
812,0.0,2020-05-17
816,0.0,2020-05-17
820,0.0,2020-05-17
824,0.0,2020-05-17
828,0.0,2020-05-17
832,0.0,2020-05-17
836,0.0,2020-05-17
840,0.0,2020-05-17
844,0.0,2020-05-17
848,0.0,2020-05-17
852,0.0,2020-05-17
856,0.0,2020-05-17
860,3.8842424242424234,2020-05-17
864,24.10246753246753,2020-05-17
868,35.91160173160173,2020-05-17
872,42.85867965367965,2020-05-17
876,68.09038961038961,2020-05-17
880,102.15575757575758,2020-05-17
884,185.18497835497834,2020-05-17
888,330.73205627705624,2020-05-17
892,560.441645021645,2020-05-17
896,607.9668398268398,2020-05-17
900,663.390303030303,2020-05-17
904,633.616406926407,2020-05-17
908,721.1208874458875,2020-05-17
912,928.8241774891776,2020-05-17
916,786.396038961039,2020-05-17
920,805.3360606060606,2020-05-17
924,725.7016233766234,2020-05-17
928,610.1804761904762,2020-05-17
932,785.8867099567099,2020-05-17
936,763.1054978354979,2020-05-17
940,687.620303030303,2020-05-17
944,627.1655627705627,2020-05-17
948,549.7881818181818,2020-05-17
952,648.5322077922078,2020-05-17
956,746.773463203463,2020-05-17
960,816.3063636363636,2020-05-17
964,848.7013419913419,2020-05-17
968,840.5655627705629,2020-05-17
972,841.0284848484848,2020-05-17
976,674.2286580086579,2020-05-17
980,446.8478787878788,2020-05-17
984,815.9641341991342,2020-05-17
988,734.3121428571429,2020-05-17
992,781.4428138528139,2020-05-17
996,673.3348484848484,2020-05-17
1000,660.0890909090909,2020-05-17
1004,426.77653679653685,2020-05-17
1008,363.0278787878788,2020-05-17
1012,422.6268398268398,2020-05-17
1016,412.1136363636364,2020-05-17
1020,414.20270562770565,2020-05-17
1024,636.5716283716283,2020-05-17
1028,596.3482900432899,2020-05-17
1032,451.89147186147187,2020-05-17
1036,134.57272727272724,2020-05-17
1040,158.3772510822511,2020-05-17
1044,225.1887662337662,2020-05-17
1048,116.19270562770562,2020-05-17
1052,102.42439393939394,2020-05-17
1056,38.45272727272727,2020-05-17
1060,7.140844155844156,2020-05-17
1064,0.0,2020-05-17
1068,0.0,2020-05-17
1072,0.0,2020-05-17
1076,0.0,2020-05-17
1080,0.0,2020-05-17
1084,0.0,2020-05-17
1088,0.0,2020-05-17
1092,0.0,2020-05-17
1096,0.0,2020-05-17
1100,0.0,2020-05-17
1104,0.0,2020-05-17
1108,0.0,2020-05-17
1112,0.0,2020-05-17
1116,0.0,2020-05-17
1120,0.0,2020-05-17
1124,0.0,2020-05-17
1128,0.0,2020-05-17
1132,0.0,2020-05-17
1136,0.0,2020-05-17
1140,0.0,2020-05-17
1144,0.0,2020-05-17
1148,0.0,2020-05-18
1152,0.0,2020-05-18
1156,0.0,2020-05-18
1160,0.0,2020-05-18
1164,0.0,2020-05-18
1168,0.0,2020-05-18
1172,0.0,2020-05-18
1176,0.0,2020-05-18
1180,0.0,2020-05-18
1184,0.0,2020-05-18
1188,0.0,2020-05-18
1192,0.0,2020-05-18
1196,0.0,2020-05-18
1200,0.0,2020-05-18
1204,0.0,2020-05-18
1208,0.0,2020-05-18
1212,0.0,2020-05-18
1216,0.0,2020-05-18
1220,0.0,2020-05-18
1224,0.0,2020-05-18
1228,0.0,2020-05-18
1232,0.0,2020-05-18
1236,0.0,2020-05-18
1240,0.0,2020-05-18
1244,0.0,2020-05-18
1248,0.0,2020-05-18
1252,0.0,2020-05-18
1256,0.0,2020-05-18
1260,3.76121212121212,2020-05-18
1264,14.463917748917748,2020-05-18
1268,26.967597402597402,2020-05-18
1272,60.120064935064946,2020-05-18
1276,170.16590909090908,2020-05-18
1280,323.7594155844156,2020-05-18
1284,425.2853679653679,2020-05-18
1288,559.3649134199135,2020-05-18
1292,598.5880303030302,2020-05-18
1296,656.6704978354978,2020-05-18
1300,787.9388311688313,2020-05-18
1304,789.9342207792207,2020-05-18
1308,713.6602597402597,2020-05-18
1312,714.7858008658009,2020-05-18
1316,493.63683982683983,2020-05-18
1320,617.0994805194806,2020-05-18
1324,795.5480735930737,2020-05-18
1328,773.5811471861472,2020-05-18
1332,777.8245454545453,2020-05-18
1336,798.2518614718614,2020-05-18
1340,787.0799350649352,2020-05-18
1344,726.4491341991342,2020-05-18
1348,813.2860389610388,2020-05-18
1352,675.5257575757574,2020-05-18
1356,684.0930303030301,2020-05-18
1360,702.9790909090909,2020-05-18
1364,762.5133982683983,2020-05-18
1368,744.0833982683982,2020-05-18
1372,769.0700216450216,2020-05-18
1376,773.0472727272728,2020-05-18
1380,771.5502380952381,2020-05-18
1384,791.9415584415586,2020-05-18
1388,780.2046320346321,2020-05-18
1392,670.3638311688313,2020-05-18
1396,522.2612987012986,2020-05-18
1400,494.67112554112555,2020-05-18
1404,613.2586580086579,2020-05-18
1408,558.6309956709957,2020-05-18
1412,386.03510822510816,2020-05-18
1416,266.4910173160174,2020-05-18
1420,249.1454545454545,2020-05-18
1424,193.12538961038956,2020-05-18
1428,125.0543506493506,2020-05-18
1432,79.09638528138528,2020-05-18
1436,52.300627705627704,2020-05-18
1440,26.320909090909087,2020-05-18
1444,6.089588744588744,2020-05-18
1448,0.0,2020-05-18
1452,0.0,2020-05-18
1456,0.0,2020-05-18
1460,0.0,2020-05-18
1464,0.0,2020-05-18
1468,0.0,2020-05-18
1472,0.0,2020-05-18
1476,0.0,2020-05-18
1480,0.0,2020-05-18
1484,0.0,2020-05-18
1488,0.0,2020-05-18
1492,0.0,2020-05-18
1496,0.0,2020-05-18
1500,0.0,2020-05-18
1504,0.0,2020-05-18
1508,0.0,2020-05-18
1512,0.0,2020-05-18
1516,0.0,2020-05-18
1520,0.0,2020-05-18
1524,0.0,2020-05-18
1528,0.0,2020-05-18
1532,0.0,2020-05-19
1536,0.0,2020-05-19
1540,0.0,2020-05-19
1544,0.0,2020-05-19
1548,0.0,2020-05-19
1552,0.0,2020-05-19
1556,0.0,2020-05-19
1560,0.0,2020-05-19
1564,0.0,2020-05-19
1568,0.0,2020-05-19
1572,0.0,2020-05-19
1576,0.0,2020-05-19
1580,0.0,2020-05-19
1584,0.0,2020-05-19
1588,0.0,2020-05-19
1592,0.0,2020-05-19
1596,0.0,2020-05-19
1600,0.0,2020-05-19
1604,0.0,2020-05-19
1608,0.0,2020-05-19
1612,0.0,2020-05-19
1616,0.0,2020-05-19
1620,0.0,2020-05-19
1624,0.0,2020-05-19
1628,8.306038961038961,2020-05-19
1632,49.19012987012988,2020-05-19
1636,82.32000000000001,2020-05-19
1640,119.25764069264065,2020-05-19
1644,146.9538095238095,2020-05-19
1648,327.715735930736,2020-05-19
1652,465.79863636363643,2020-05-19
1656,445.53939393939396,2020-05-19
1660,435.8601515151515,2020-05-19
1664,460.35753246753245,2020-05-19
1668,499.1365151515152,2020-05-19
1672,327.67629870129866,2020-05-19
1676,636.3272727272725,2020-05-19
1680,418.3791341991342,2020-05-19
1684,339.5642424242424,2020-05-19
1688,328.47372294372286,2020-05-19
1692,374.76980519480526,2020-05-19
1696,156.09218614718614,2020-05-19
1700,763.7163636363638,2020-05-19
1704,710.8064069264069,2020-05-19
1708,725.7024675324676,2020-05-19
1712,755.3317316017315,2020-05-19
1716,703.9583766233765,2020-05-19
1720,733.1339393939394,2020-05-19
1724,735.298787878788,2020-05-19
1728,754.8246753246754,2020-05-19
1732,691.420303030303,2020-05-19
1736,731.3297619047619,2020-05-19
1740,737.1239826839827,2020-05-19
1744,785.6058008658008,2020-05-19
1748,762.4940476190477,2020-05-19
1752,688.7112121212122,2020-05-19
1756,727.8182251082252,2020-05-19
1760,828.2377272727274,2020-05-19
1764,713.5162554112553,2020-05-19
1768,667.9527272727272,2020-05-19
1772,543.3209090909093,2020-05-19
1776,347.9511255411256,2020-05-19
1780,164.1193939393939,2020-05-19
1784,82.44825174825175,2020-05-19
1788,33.20340909090909,2020-05-19
1792,81.53376623376623,2020-05-19
1796,37.00181818181818,2020-05-19
1800,21.548787878787877,2020-05-19
1804,6.632121212121212,2020-05-19
1808,0.0,2020-05-19
1812,0.0,2020-05-19
1816,0.0,2020-05-19
1820,1.664242424242424,2020-05-19
1824,0.7772727272727273,2020-05-19
1828,0.0,2020-05-19
1832,0.0,2020-05-19
1836,0.0,2020-05-19
1840,0.0,2020-05-19
1844,0.0,2020-05-19
1848,0.0,2020-05-19
1852,0.0,2020-05-19
1856,0.0,2020-05-19
1860,0.0,2020-05-19
1864,0.0,2020-05-19
1868,0.0,2020-05-19
1872,0.0,2020-05-19
1876,0.0,2020-05-19
1880,0.0,2020-05-19
1884,0.0,2020-05-19
1888,0.0,2020-05-19
1892,0.0,2020-05-19
1896,0.0,2020-05-19
1900,0.0,2020-05-19
1904,0.0,2020-05-19
1908,0.0,2020-05-19
1912,0.0,2020-05-20
1916,0.0,2020-05-20
1920,0.0,2020-05-20
1924,0.0,2020-05-20
1928,0.0,2020-05-20
1932,0.0,2020-05-20
1936,0.0,2020-05-20
1940,0.0,2020-05-20
1944,0.0,2020-05-20
1948,0.0,2020-05-20
1952,0.0,2020-05-20
1956,0.0,2020-05-20
1960,0.0,2020-05-20
1964,0.0,2020-05-20
1968,0.0,2020-05-20
1972,0.0,2020-05-20
1976,0.0,2020-05-20
1980,0.0,2020-05-20
1984,0.0,2020-05-20
1988,0.0,2020-05-20
1992,0.0,2020-05-20
1996,0.0,2020-05-20
2000,0.0,2020-05-20
2004,0.0,2020-05-20
2008,15.212777777777776,2020-05-20
2012,41.74067460317461,2020-05-20
2016,71.53583333333334,2020-05-20
2020,111.12555555555555,2020-05-20
2024,146.5577777777778,2020-05-20
2028,236.1005555555555,2020-05-20
2032,375.8865873015872,2020-05-20
2036,460.60055555555556,2020-05-20
2040,505.3494444444445,2020-05-20
2044,539.4427777777777,2020-05-20
2048,676.3741666666667,2020-05-20
2052,696.8545634920634,2020-05-20
2056,769.3723809523808,2020-05-20
2060,763.4888888888889,2020-05-20
2064,739.6827777777779,2020-05-20
2068,716.9436507936507,2020-05-20
2072,663.5975793650792,2020-05-20
2076,456.72166666666675,2020-05-20
2080,298.77777777777777,2020-05-20
2084,313.62888888888887,2020-05-20
2088,303.9770238095238,2020-05-20
2092,314.53837301587305,2020-05-20
2096,316.3655555555556,2020-05-20
2100,328.46111111111105,2020-05-20
2104,438.2627777777778,2020-05-20
2108,476.1541666666667,2020-05-20
2112,429.6295634920636,2020-05-20
2116,429.71611111111116,2020-05-20
2120,425.1122222222222,2020-05-20
2124,421.3983333333333,2020-05-20
2128,401.3233333333333,2020-05-20
2132,393.64444444444445,2020-05-20
2136,393.8486111111111,2020-05-20
2140,710.4193181818182,2020-05-20
2144,760.849393939394,2020-05-20
2148,766.1190909090907,2020-05-20
2152,892.1796969696969,2020-05-20
2156,867.410303030303,2020-05-20
2160,851.7839393939394,2020-05-20
2164,778.4671645021645,2020-05-20
2168,604.8337662337663,2020-05-20
2172,449.02000000000004,2020-05-20
2176,364.8115151515151,2020-05-20
2180,357.95363636363635,2020-05-20
2184,308.5905627705628,2020-05-20
2188,273.8084848484848,2020-05-20
2192,235.88095238095238,2020-05-20
2196,165.2257575757576,2020-05-20
2200,104.6439393939394,2020-05-20
2204,52.49448051948052,2020-05-20
2208,15.383484848484853,2020-05-20
2212,0.0,2020-05-20
2216,0.0,2020-05-20
2220,0.0,2020-05-20
2224,0.0,2020-05-20
2228,0.0,2020-05-20
2232,0.0,2020-05-20
2236,0.0,2020-05-20
2240,0.0,2020-05-20
2244,0.0,2020-05-20
2248,0.0,2020-05-20
2252,0.0,2020-05-20
2256,0.0,2020-05-20
2260,0.0,2020-05-20
2264,0.0,2020-05-20
2268,0.0,2020-05-20
2272,0.0,2020-05-20
2276,0.0,2020-05-20
2280,0.0,2020-05-20
2284,0.0,2020-05-20
2288,0.0,2020-05-20
2292,0.0,2020-05-20
2296,0.0,2020-05-21
2300,0.0,2020-05-21
2304,0.0,2020-05-21
2308,0.0,2020-05-21
2312,0.0,2020-05-21
2316,0.0,2020-05-21
2320,0.0,2020-05-21
2324,0.0,2020-05-21
2328,0.0,2020-05-21
2332,0.0,2020-05-21
2336,0.0,2020-05-21
2340,0.0,2020-05-21
2344,0.0,2020-05-21
2348,0.0,2020-05-21
2352,0.0,2020-05-21
2356,0.0,2020-05-21
2360,0.0,2020-05-21
2364,0.0,2020-05-21
2368,0.0,2020-05-21
2372,0.0,2020-05-21
2376,0.0,2020-05-21
2380,0.0,2020-05-21
2384,0.0,2020-05-21
2388,0.0,2020-05-21
2392,12.32730158730159,2020-05-21
2396,44.80357142857143,2020-05-21
2400,86.61603174603175,2020-05-21
2404,130.07851851851854,2020-05-21
2408,179.43031746031744,2020-05-21
2412,237.94156084656086,2020-05-21
2416,337.13148148148144,2020-05-21
2420,397.65555555555557,2020-05-21
2424,452.0918518518518,2020-05-21
2428,566.881746031746,2020-05-21
2432,645.151693121693,2020-05-21
2436,672.3281746031747,2020-05-21
2440,728.8985185185184,2020-05-21
2444,771.2837037037038,2020-05-21
2448,749.7880687830689,2020-05-21
2452,472.3296296296296,2020-05-21
2456,136.16571428571427,2020-05-21
2460,552.5262433862432,2020-05-21
2464,517.0962962962963,2020-05-21
2468,451.91148148148164,2020-05-21
2472,524.1754497354498,2020-05-21
2476,683.1629629629629,2020-05-21
2480,701.4337037037038,2020-05-21
2484,706.4514814814814,2020-05-21
2488,684.4655555555555,2020-05-21
2492,650.7642857142857,2020-05-21
2496,646.3496296296295,2020-05-21
2500,645.1018518518517,2020-05-21
2504,674.8318518518519,2020-05-21
2508,670.174074074074,2020-05-21
2512,1071.8166666666666,2020-05-21
2516,1127.3158201058202,2020-05-21
2520,1096.294074074074,2020-05-21
2524,1073.3659259259261,2020-05-21
2528,1056.7611375661374,2020-05-21
2532,983.2859523809524,2020-05-21
2536,949.9394708994708,2020-05-21
2540,870.1729629629629,2020-05-21
2544,650.3425925925926,2020-05-21
2548,653.0888359788358,2020-05-21
2552,637.8966666666666,2020-05-21
2556,534.2650529100529,2020-05-21
2560,525.4011111111112,2020-05-21
2564,415.9033333333334,2020-05-21
2568,354.8358730158731,2020-05-21
2572,275.58150793650793,2020-05-21
2576,196.34867724867726,2020-05-21
2580,125.85407407407408,2020-05-21
2584,74.14518518518518,2020-05-21
2588,38.44055555555556,2020-05-21
2592,10.277328042328042,2020-05-21
2596,0.0,2020-05-21
2600,0.0,2020-05-21
2604,0.0,2020-05-21
2608,0.0,2020-05-21
2612,0.0,2020-05-21
2616,0.0,2020-05-21
2620,0.0,2020-05-21
2624,0.0,2020-05-21
2628,0.0,2020-05-21
2632,0.0,2020-05-21
2636,0.0,2020-05-21
2640,0.0,2020-05-21
2644,0.0,2020-05-21
2648,0.0,2020-05-21
2652,0.0,2020-05-21
2656,0.0,2020-05-21
2660,0.0,2020-05-21
2664,0.0,2020-05-21
2668,0.0,2020-05-21
2672,0.0,2020-05-21
2676,0.0,2020-05-21
2680,0.0,2020-05-22
2684,0.0,2020-05-22
2688,0.0,2020-05-22
2692,0.0,2020-05-22
2696,0.0,2020-05-22
2700,0.0,2020-05-22
2704,0.0,2020-05-22
2708,0.0,2020-05-22
2712,0.0,2020-05-22
2716,0.0,2020-05-22
2720,0.0,2020-05-22
2724,0.0,2020-05-22
2728,0.0,2020-05-22
2732,0.0,2020-05-22
2736,0.0,2020-05-22
2740,0.0,2020-05-22
2744,0.0,2020-05-22
2748,0.0,2020-05-22
2752,0.0,2020-05-22
2756,0.0,2020-05-22
2760,0.0,2020-05-22
2764,0.0,2020-05-22
2768,0.0,2020-05-22
2772,0.20296296296296293,2020-05-22
2776,20.45703703703704,2020-05-22
2780,50.997671957671955,2020-05-22
2784,104.50777777777779,2020-05-22
2788,165.55005291005293,2020-05-22
2792,194.1519841269841,2020-05-22
2796,274.4037037037037,2020-05-22
2800,396.387619047619,2020-05-22
2804,470.63388888888886,2020-05-22
2808,537.1183333333333,2020-05-22
2812,612.111746031746,2020-05-22
2816,703.5637037037037,2020-05-22
2820,766.4523280423278,2020-05-22
2824,721.3954232804233,2020-05-22
2828,714.1288888888889,2020-05-22
2832,694.2497883597883,2020-05-22
2836,709.145873015873,2020-05-22
2840,697.7614814814814,2020-05-22
2844,709.0604761904762,2020-05-22
2848,692.0877777777778,2020-05-22
2852,686.5201851851851,2020-05-22
2856,694.6100529100529,2020-05-22
2860,702.8807407407407,2020-05-22
2864,714.7607407407409,2020-05-22
2868,717.9258994708994,2020-05-22
2872,715.2293121693123,2020-05-22
2876,715.8475925925927,2020-05-22
2880,712.5085185185186,2020-05-22
2884,711.2177777777777,2020-05-22
2888,754.1197354497355,2020-05-22
2892,739.3679629629629,2020-05-22
2896,655.3225925925925,2020-05-22
2900,677.5617195767195,2020-05-22
2904,687.4633333333334,2020-05-22
2908,710.2702380952383,2020-05-22
2912,763.4734656084657,2020-05-22
2916,840.5574074074073,2020-05-22
2920,881.781455026455,2020-05-22
2924,825.3557936507935,2020-05-22
2928,773.6947883597883,2020-05-22
2932,710.1728306878308,2020-05-22
2936,642.402962962963,2020-05-22
2940,568.8630158730159,2020-05-22
2944,494.6691534391535,2020-05-22
2948,415.20396825396824,2020-05-22
2952,334.1839153439154,2020-05-22
2956,259.17259259259254,2020-05-22
2960,186.31267195767197,2020-05-22
2964,123.22460317460319,2020-05-22
2968,43.25801587301588,2020-05-22
2972,13.099973544973544,2020-05-22
2976,0.7833333333333334,2020-05-22
2980,0.0,2020-05-22
2984,0.0,2020-05-22
2988,0.0,2020-05-22
2992,0.0,2020-05-22
2996,0.0,2020-05-22
3000,0.0,2020-05-22
3004,0.0,2020-05-22
3008,0.0,2020-05-22
3012,0.0,2020-05-22
3016,0.0,2020-05-22
3020,0.0,2020-05-22
3024,0.0,2020-05-22
3028,0.0,2020-05-22
3032,0.0,2020-05-22
3036,0.0,2020-05-22
3040,0.0,2020-05-22
3044,0.0,2020-05-22
3048,0.0,2020-05-22
3052,0.0,2020-05-22
3056,0.0,2020-05-22
3060,0.0,2020-05-22
3064,0.0,2020-05-23
3068,0.0,2020-05-23
3072,0.0,2020-05-23
3076,0.0,2020-05-23
3080,0.0,2020-05-23
3084,0.0,2020-05-23
3088,0.0,2020-05-23
3092,0.0,2020-05-23
3096,0.0,2020-05-23
3100,0.0,2020-05-23
3104,0.0,2020-05-23
3108,0.0,2020-05-23
3112,0.0,2020-05-23
3116,0.0,2020-05-23
3120,0.0,2020-05-23
3124,0.0,2020-05-23
3128,0.0,2020-05-23
3132,0.0,2020-05-23
3136,0.0,2020-05-23
3140,0.0,2020-05-23
3144,0.0,2020-05-23
3148,0.0,2020-05-23
3152,0.0,2020-05-23
3156,0.0,2020-05-23
3160,17.360476190476188,2020-05-23
3164,46.14962962962962,2020-05-23
3168,85.50825396825397,2020-05-23
3172,135.47579365079366,2020-05-23
3176,196.24412698412698,2020-05-23
3180,267.2060317460318,2020-05-23
3184,346.1640740740741,2020-05-23
3188,424.7928571428572,2020-05-23
3192,506.64666666666665,2020-05-23
3196,586.2750264550264,2020-05-23
3200,661.3052645502646,2020-05-23
3204,734.2257671957673,2020-05-23
3208,798.3493650793649,2020-05-23
3212,847.5911111111111,2020-05-23
3216,733.0571164021163,2020-05-23
3220,690.2399999999999,2020-05-23
3224,721.9296296296296,2020-05-23
3228,720.2720105820105,2020-05-23
3232,705.8140740740741,2020-05-23
3236,678.46,2020-05-23
3240,693.7698941798941,2020-05-23
3244,707.3640740740741,2020-05-23
3248,713.7450264550264,2020-05-23
3252,715.461851851852,2020-05-23
3256,711.8431481481481,2020-05-23
3260,707.0928835978837,2020-05-23
3264,742.6525925925924,2020-05-23
3268,742.2280687830687,2020-05-23
3272,681.2233333333334,2020-05-23
3276,759.9440740740743,2020-05-23
3280,784.8783068783067,2020-05-23
3284,765.9588888888889,2020-05-23
3288,709.5525925925926,2020-05-23
3292,738.5872486772487,2020-05-23
3296,798.5785978835979,2020-05-23
3300,834.152380952381,2020-05-23
3304,861.7096296296297,2020-05-23
3308,806.8670370370369,2020-05-23
3312,752.3137037037036,2020-05-23
3316,691.9638095238095,2020-05-23
3320,609.5882275132276,2020-05-23
3324,544.0528042328043,2020-05-23
3328,475.60555555555555,2020-05-23
3332,413.67703703703705,2020-05-23
3336,333.8158730158729,2020-05-23
3340,256.8819841269841,2020-05-23
3344,185.34013227513228,2020-05-23
3348,124.93113756613758,2020-05-23
3352,75.67592592592594,2020-05-23
3356,33.38034391534391,2020-05-23
3360,3.1684920634920637,2020-05-23
3364,0.0,2020-05-23
3368,0.0,2020-05-23
3372,0.0,2020-05-23
3376,0.0,2020-05-23
3380,0.0,2020-05-23
3384,0.0,2020-05-23
3388,0.0,2020-05-23
3392,0.0,2020-05-23
3396,0.0,2020-05-23
3400,0.0,2020-05-23
3404,0.0,2020-05-23
3408,0.0,2020-05-23
3412,0.0,2020-05-23
3416,0.0,2020-05-23
3420,0.0,2020-05-23
3424,0.0,2020-05-23
3428,0.0,2020-05-23
3432,0.0,2020-05-23
3436,0.0,2020-05-23
3440,0.0,2020-05-23
3444,0.0,2020-05-23
3448,0.0,2020-05-24
3452,0.0,2020-05-24
3456,0.0,2020-05-24
3460,0.0,2020-05-24
3464,0.0,2020-05-24
3468,0.0,2020-05-24
3472,0.0,2020-05-24
3476,0.0,2020-05-24
3480,0.0,2020-05-24
3484,0.0,2020-05-24
3488,0.0,2020-05-24
3492,0.0,2020-05-24
3496,0.0,2020-05-24
3500,0.0,2020-05-24
3504,0.0,2020-05-24
3508,0.0,2020-05-24
3512,0.0,2020-05-24
3516,0.0,2020-05-24
3520,0.0,2020-05-24
3524,0.0,2020-05-24
3528,0.0,2020-05-24
3532,0.0,2020-05-24
3536,0.0,2020-05-24
3540,0.0,2020-05-24
3544,14.014338624338626,2020-05-24
3548,46.26518518518518,2020-05-24
3552,92.20973544973543,2020-05-24
3556,143.60740740740744,2020-05-24
3560,194.22021164021166,2020-05-24
3564,254.06743386243386,2020-05-24
3568,332.9648148148148,2020-05-24
3572,422.032962962963,2020-05-24
3576,511.0979365079364,2020-05-24
3580,592.8314285714285,2020-05-24
3584,667.2872751322751,2020-05-24
3588,737.5203703703704,2020-05-24
3592,807.3859259259258,2020-05-24
3596,875.9674074074073,2020-05-24
3600,816.0018253968252,2020-05-24
3604,794.7563227513227,2020-05-24
3608,756.6800000000001,2020-05-24
3612,739.814074074074,2020-05-24
3616,635.8092592592593,2020-05-24
3620,656.1978571428571,2020-05-24
3624,709.3093386243386,2020-05-24
3628,568.7655555555555,2020-05-24
3632,546.7495238095238,2020-05-24
3636,552.9555555555555,2020-05-24
3640,554.0122222222221,2020-05-24
3644,601.9018518518518,2020-05-24
3648,607.9139417989417,2020-05-24
3652,601.2033333333333,2020-05-24
3656,614.4655555555556,2020-05-24
3660,645.8221428571428,2020-05-24
3664,658.1463227513227,2020-05-24
3668,674.4357936507936,2020-05-24
3672,691.9214814814815,2020-05-24
3676,707.664074074074,2020-05-24
3680,768.1846825396826,2020-05-24
3684,784.824656084656,2020-05-24
3688,895.9726455026454,2020-05-24
3692,834.3999999999999,2020-05-24
3696,772.4514814814817,2020-05-24
3700,702.8492328042328,2020-05-24
3704,634.1214814814816,2020-05-24
3708,561.9317724867724,2020-05-24
3712,488.51518518518515,2020-05-24
3716,403.9511904761905,2020-05-24
3720,309.81473544973545,2020-05-24
3724,235.1668518518518,2020-05-24
3728,171.4392063492063,2020-05-24
3732,116.52814814814818,2020-05-24
3736,70.22740740740741,2020-05-24
3740,37.48383597883598,2020-05-24
3744,13.55775132275132,2020-05-24
3748,0.0,2020-05-24
3752,0.0,2020-05-24
3756,0.0,2020-05-24
3760,0.0,2020-05-24
3764,0.0,2020-05-24
3768,0.0,2020-05-24
3772,0.0,2020-05-24
3776,0.0,2020-05-24
3780,0.0,2020-05-24
3784,0.0,2020-05-24
3788,0.0,2020-05-24
3792,0.0,2020-05-24
3796,0.0,2020-05-24
3800,0.0,2020-05-24
3804,0.0,2020-05-24
3808,0.0,2020-05-24
3812,0.0,2020-05-24
3816,0.0,2020-05-24
3820,0.0,2020-05-24
3824,0.0,2020-05-24
3828,0.0,2020-05-24
3832,0.0,2020-05-25
3836,0.0,2020-05-25
3840,0.0,2020-05-25
3844,0.0,2020-05-25
3848,0.0,2020-05-25
3852,0.0,2020-05-25
3856,0.0,2020-05-25
3860,0.0,2020-05-25
3864,0.0,2020-05-25
3868,0.0,2020-05-25
3872,0.0,2020-05-25
3876,0.0,2020-05-25
3880,0.0,2020-05-25
3884,0.0,2020-05-25
3888,0.0,2020-05-25
3892,0.0,2020-05-25
3896,0.0,2020-05-25
3900,0.0,2020-05-25
3904,0.0,2020-05-25
3908,0.0,2020-05-25
3912,0.0,2020-05-25
3916,0.0,2020-05-25
3920,0.0,2020-05-25
3924,0.0,2020-05-25
3928,16.182645502645503,2020-05-25
3932,52.60301587301587,2020-05-25
3936,112.27066137566138,2020-05-25
3940,145.76185185185184,2020-05-25
3944,196.63444444444445,2020-05-25
3948,263.7422222222222,2020-05-25
3952,336.1398148148148,2020-05-25
3956,418.5041005291005,2020-05-25
3960,482.15999999999997,2020-05-25
3964,558.812962962963,2020-05-25
3968,630.6755555555557,2020-05-25
3972,688.737328042328,2020-05-25
3976,783.2257936507935,2020-05-25
3980,848.5925925925926,2020-05-25
3984,882.2622222222221,2020-05-25
3988,871.782962962963,2020-05-25
3992,853.9260317460316,2020-05-25
3996,958.605767195767,2020-05-25
4000,984.9712433862436,2020-05-25
4004,992.0907407407407,2020-05-25
4008,1005.0974074074072,2020-05-25
4012,939.1936772486774,2020-05-25
4016,926.7496031746032,2020-05-25
4020,964.7387301587302,2020-05-25
4024,973.782962962963,2020-05-25
4028,981.8359259259261,2020-05-25
4032,976.4714814814813,2020-05-25
4036,974.1412698412698,2020-05-25
4040,956.5672751322751,2020-05-25
4044,963.0354761904764,2020-05-25
4048,979.6578306878305,2020-05-25
4052,989.0220105820107,2020-05-25
4056,968.0833333333334,2020-05-25
4060,1009.1453174603175,2020-05-25
4064,1007.4618518518517,2020-05-25
4068,950.2925925925925,2020-05-25
4072,903.6937830687831,2020-05-25
4076,843.8612433862434,2020-05-25
4080,778.2402645502644,2020-05-25
4084,712.7144444444443,2020-05-25
4088,683.6859259259259,2020-05-25
4092,628.6872486772488,2020-05-25
4096,314.5599470899471,2020-05-25
4100,376.59055555555557,2020-05-25
4104,285.15925925925933,2020-05-25
4108,119.92962962962962,2020-05-25
4112,47.64751322751323,2020-05-25
4116,25.15005291005291,2020-05-25
4120,13.448412698412698,2020-05-25
4124,0.7474074074074075,2020-05-25
4128,0.0,2020-05-25
4132,0.0,2020-05-25
4136,0.0,2020-05-25
4140,0.0,2020-05-25
4144,0.0,2020-05-25
4148,0.0,2020-05-25
4152,0.0,2020-05-25
4156,0.0,2020-05-25
4160,0.0,2020-05-25
4164,0.0,2020-05-25
4168,0.0,2020-05-25
4172,0.0,2020-05-25
4176,0.0,2020-05-25
4180,0.0,2020-05-25
4184,0.0,2020-05-25
4188,0.0,2020-05-25
4192,0.0,2020-05-25
4196,0.0,2020-05-25
4200,0.0,2020-05-25
4204,0.0,2020-05-25
4208,0.0,2020-05-25
4212,0.0,2020-05-25
4216,0.0,2020-05-26
4220,0.0,2020-05-26
4224,0.0,2020-05-26
4228,0.0,2020-05-26
4232,0.0,2020-05-26
4236,0.0,2020-05-26
4240,0.0,2020-05-26
4244,0.0,2020-05-26
4248,0.0,2020-05-26
4252,0.0,2020-05-26
4256,0.0,2020-05-26
4260,0.0,2020-05-26
4264,0.0,2020-05-26
4268,0.0,2020-05-26
4272,0.0,2020-05-26
4276,0.0,2020-05-26
4280,0.0,2020-05-26
4284,0.0,2020-05-26
4288,0.0,2020-05-26
4292,0.0,2020-05-26
4296,0.0,2020-05-26
4300,0.0,2020-05-26
4304,0.0,2020-05-26
4308,0.0,2020-05-26
4312,17.167037037037037,2020-05-26
4316,49.15973544973545,2020-05-26
4320,90.29637566137563,2020-05-26
4324,139.38502645502643,2020-05-26
4328,198.75920634920635,2020-05-26
4332,269.83259259259256,2020-05-26
4336,347.44444444444446,2020-05-26
4340,431.6507671957672,2020-05-26
4344,515.7232804232805,2020-05-26
4348,600.4253439153439,2020-05-26
4352,674.951111111111,2020-05-26
4356,753.2199999999998,2020-05-26
4360,828.4744973544972,2020-05-26
4364,890.6020105820105,2020-05-26
4368,944.4667195767197,2020-05-26
4372,902.2492592592594,2020-05-26
4376,880.2699999999999,2020-05-26
4380,906.7831746031746,2020-05-26
4384,946.5852645502645,2020-05-26
4388,1017.2055555555556,2020-05-26
4392,997.1764814814817,2020-05-26
4396,982.7851322751321,2020-05-26
4400,885.6855555555555,2020-05-26
4404,890.3547619047619,2020-05-26
4408,898.5374074074075,2020-05-26
4412,899.2261904761904,2020-05-26
4416,903.5353703703703,2020-05-26
4420,894.9116402116402,2020-05-26
4424,884.2322222222223,2020-05-26
4428,869.6792592592591,2020-05-26
4432,880.1910582010581,2020-05-26
4436,971.1960846560848,2020-05-26
4440,940.1189947089947,2020-05-26
4444,882.6825925925925,2020-05-26
4448,984.6818518518519,2020-05-26
4452,952.2196560846561,2020-05-26
4456,883.7804497354496,2020-05-26
4460,823.1659259259261,2020-05-26
4464,730.3737037037039,2020-05-26
4468,691.5915079365078,2020-05-26
4472,622.2966666666666,2020-05-26
4476,555.209603174603,2020-05-26
4480,509.46793650793643,2020-05-26
4484,429.75962962962956,2020-05-26
4488,206.34283068783066,2020-05-26
4492,158.16201058201057,2020-05-26
4496,126.65841269841273,2020-05-26
4500,73.68925925925925,2020-05-26
4504,43.24259259259259,2020-05-26
4508,34.966031746031746,2020-05-26
4512,22.59740740740741,2020-05-26
4516,1.279867724867725,2020-05-26
4520,0.0,2020-05-26
4524,0.0,2020-05-26
4528,0.0,2020-05-26
4532,0.0,2020-05-26
4536,0.0,2020-05-26
4540,0.0,2020-05-26
4544,0.0,2020-05-26
4548,0.0,2020-05-26
4552,0.0,2020-05-26
4556,0.0,2020-05-26
4560,0.0,2020-05-26
4564,0.0,2020-05-26
4568,0.0,2020-05-26
4572,0.0,2020-05-26
4576,0.0,2020-05-26
4580,0.0,2020-05-26
4584,0.0,2020-05-26
4588,0.0,2020-05-26
4592,0.0,2020-05-26
4596,0.0,2020-05-26
4600,0.0,2020-05-27
4604,0.0,2020-05-27
4608,0.0,2020-05-27
4612,0.0,2020-05-27
4616,0.0,2020-05-27
4620,0.0,2020-05-27
4624,0.0,2020-05-27
4628,0.0,2020-05-27
4632,0.0,2020-05-27
4636,0.0,2020-05-27
4640,0.0,2020-05-27
4644,0.0,2020-05-27
4648,0.0,2020-05-27
4652,0.0,2020-05-27
4656,0.0,2020-05-27
4660,0.0,2020-05-27
4664,0.0,2020-05-27
4668,0.0,2020-05-27
4672,0.0,2020-05-27
4676,0.0,2020-05-27
4680,0.0,2020-05-27
4684,0.0,2020-05-27
4688,0.0,2020-05-27
4692,0.0,2020-05-27
4696,14.082328042328042,2020-05-27
4700,39.26169312169312,2020-05-27
4704,77.06142857142856,2020-05-27
4708,120.89333333333333,2020-05-27
4712,174.41185185185182,2020-05-27
4716,232.04341269841274,2020-05-27
4720,307.49396825396826,2020-05-27
4724,387.35407407407416,2020-05-27
4728,471.15000000000003,2020-05-27
4732,544.7248148148149,2020-05-27
4736,624.6388888888889,2020-05-27
4740,694.8465343915343,2020-05-27
4744,763.2507407407406,2020-05-27
4748,785.8033333333333,2020-05-27
4752,690.3718518518518,2020-05-27
4756,607.6491005291006,2020-05-27
4760,590.5589682539683,2020-05-27
4764,602.9451851851851,2020-05-27
4768,612.0566666666666,2020-05-27
4772,577.4444444444445,2020-05-27
4776,569.305529100529,2020-05-27
4780,531.787037037037,2020-05-27
4784,538.81,2020-05-27
4788,540.1981481481482,2020-05-27
4792,545.7862698412698,2020-05-27
4796,552.995873015873,2020-05-27
4800,614.3640740740741,2020-05-27
4804,610.0344444444445,2020-05-27
4808,601.3333333333333,2020-05-27
4812,597.4233333333333,2020-05-27
4816,576.415582010582,2020-05-27
4820,623.7433333333333,2020-05-27
4824,663.8674867724867,2020-05-27
4828,644.7133333333333,2020-05-27
4832,699.0387830687829,2020-05-27
4836,741.8679487179486,2020-05-27
4840,700.7897089947088,2020-05-27
4844,822.2844708994711,2020-05-27
4848,787.3114814814816,2020-05-27
4852,712.1067460317462,2020-05-27
4856,639.6568518518518,2020-05-27
4860,548.2525396825396,2020-05-27
4864,484.11037037037033,2020-05-27
4868,402.9133333333333,2020-05-27
4872,326.3885185185185,2020-05-27
4876,256.7892328042328,2020-05-27
4880,185.9111111111111,2020-05-27
4884,134.5298677248677,2020-05-27
4888,93.48444444444442,2020-05-27
4892,57.63370370370371,2020-05-27
4896,23.61830687830688,2020-05-27
4900,0.9782275132275134,2020-05-27
4904,0.0,2020-05-27
4908,0.0,2020-05-27
4912,0.0,2020-05-27
4916,0.0,2020-05-27
4920,0.0,2020-05-27
4924,0.0,2020-05-27
4928,0.0,2020-05-27
4932,0.0,2020-05-27
4936,0.0,2020-05-27
4940,0.0,2020-05-27
4944,0.0,2020-05-27
4948,0.0,2020-05-27
4952,0.0,2020-05-27
4956,0.0,2020-05-27
4960,0.0,2020-05-27
4964,0.0,2020-05-27
4968,0.0,2020-05-27
4972,0.0,2020-05-27
4976,0.0,2020-05-27
4980,0.0,2020-05-27
4984,0.0,2020-05-28
4988,0.0,2020-05-28
4992,0.0,2020-05-28
4996,0.0,2020-05-28
5000,0.0,2020-05-28
5004,0.0,2020-05-28
5008,0.0,2020-05-28
5012,0.0,2020-05-28
5016,0.0,2020-05-28
5020,0.0,2020-05-28
5024,0.0,2020-05-28
5028,0.0,2020-05-28
5032,0.0,2020-05-28
5036,0.0,2020-05-28
5040,0.0,2020-05-28
5044,0.0,2020-05-28
5048,0.0,2020-05-28
5052,0.0,2020-05-28
5056,0.0,2020-05-28
5060,0.0,2020-05-28
5064,0.0,2020-05-28
5068,0.0,2020-05-28
5072,0.0,2020-05-28
5076,0.0,2020-05-28
5080,14.024973544973546,2020-05-28
5084,36.40603174603174,2020-05-28
5088,68.03333333333333,2020-05-28
5092,116.95973544973546,2020-05-28
5096,156.21666666666667,2020-05-28
5100,230.43444444444444,2020-05-28
5104,361.62788359788357,2020-05-28
5108,436.78701058201057,2020-05-28
5112,504.7485185185185,2020-05-28
5116,590.9011111111112,2020-05-28
5120,667.474814814815,2020-05-28
5124,762.3523809523808,2020-05-28
5128,833.1201322751323,2020-05-28
5132,888.9707407407407,2020-05-28
5136,947.0777777777777,2020-05-28
5140,866.447962962963,2020-05-28
5144,769.8833862433862,2020-05-28
5148,761.7869576719577,2020-05-28
5152,774.4855291005291,2020-05-28
5156,765.3759259259258,2020-05-28
5160,753.6563492063492,2020-05-28
5164,744.5979894179895,2020-05-28
5168,764.6122222222223,2020-05-28
5172,765.1866666666667,2020-05-28
5176,775.9716137566137,2020-05-28
5180,779.3587566137566,2020-05-28
5184,767.8848148148148,2020-05-28
5188,767.4392328042328,2020-05-28
5192,765.2063756613758,2020-05-28
5196,760.8038888888889,2020-05-28
5200,108.23407407407407,2020-05-28
5204,342.8829365079365,2020-05-28
5208,615.1297883597883,2020-05-28
5212,622.014074074074,2020-05-28
5216,667.5447354497355,2020-05-28
5220,711.1050488400489,2020-05-28
5224,923.2494973544973,2020-05-28
5228,885.387037037037,2020-05-28
5232,806.2385185185184,2020-05-28
5236,731.7698941798941,2020-05-28
5240,645.663544973545,2020-05-28
5244,558.1984920634919,2020-05-28
5248,475.4267724867725,2020-05-28
5252,349.3318518518518,2020-05-28
5256,320.2929894179895,2020-05-28
5260,256.56776353276354,2020-05-28
5264,195.85042328042326,2020-05-28
5268,138.57148148148147,2020-05-28
5272,92.00777777777778,2020-05-28
5276,55.38193121693122,2020-05-28
5280,24.114788359788363,2020-05-28
5284,1.3162962962962965,2020-05-28
5288,0.0,2020-05-28
5292,0.0,2020-05-28
5296,0.0,2020-05-28
5300,0.0,2020-05-28
5304,0.0,2020-05-28
5308,0.0,2020-05-28
5312,0.0,2020-05-28
5316,0.0,2020-05-28
5320,0.0,2020-05-28
5324,0.0,2020-05-28
5328,0.0,2020-05-28
5332,0.0,2020-05-28
5336,0.0,2020-05-28
5340,0.0,2020-05-28
5344,0.0,2020-05-28
5348,0.0,2020-05-28
5352,0.0,2020-05-28
5356,0.0,2020-05-28
5360,0.0,2020-05-28
5364,0.0,2020-05-28
5368,0.0,2020-05-29
5372,0.0,2020-05-29
5376,0.0,2020-05-29
5380,0.0,2020-05-29
5384,0.0,2020-05-29
5388,0.0,2020-05-29
5392,0.0,2020-05-29
5396,0.0,2020-05-29
5400,0.0,2020-05-29
5404,0.0,2020-05-29
5408,0.0,2020-05-29
5412,0.0,2020-05-29
5416,0.0,2020-05-29
5420,0.0,2020-05-29
5424,0.0,2020-05-29
5428,0.0,2020-05-29
5432,0.0,2020-05-29
5436,0.0,2020-05-29
5440,0.0,2020-05-29
5444,0.0,2020-05-29
5448,0.0,2020-05-29
5452,0.0,2020-05-29
5456,0.0,2020-05-29
5460,0.0,2020-05-29
5464,20.720317460317457,2020-05-29
5468,61.29333333333333,2020-05-29
5472,101.30703703703705,2020-05-29
5476,124.4129365079365,2020-05-29
5480,131.4503703703704,2020-05-29
5484,147.0961904761905,2020-05-29
5488,186.1533333333333,2020-05-29
5492,222.62481481481478,2020-05-29
5496,278.9427248677249,2020-05-29
5500,482.65743386243383,2020-05-29
5504,664.64,2020-05-29
5508,797.6474074074074,2020-05-29
5512,905.1897619047619,2020-05-29
5516,855.5546031746032,2020-05-29
5520,799.9175925925924,2020-05-29
5524,752.6788888888889,2020-05-29
5528,705.3707407407405,2020-05-29
5532,732.5029100529102,2020-05-29
5536,658.7025132275131,2020-05-29
5540,665.4174867724867,2020-05-29
5544,587.9407407407408,2020-05-29
5548,613.7314814814814,2020-05-29
5552,599.5008465608465,2020-05-29
5556,657.998201058201,2020-05-29
5560,607.6749470899472,2020-05-29
5564,649.147037037037,2020-05-29
5568,695.306746031746,2020-05-29
5572,728.6812962962962,2020-05-29
5576,782.1669576719578,2020-05-29
5580,810.6989682539684,2020-05-29
5584,789.936798941799,2020-05-29
5588,797.9754232804232,2020-05-29
5592,839.0647883597884,2020-05-29
5596,798.8283333333333,2020-05-29
5600,787.3478042328043,2020-05-29
5604,742.6903439153439,2020-05-29
5608,734.7139682539681,2020-05-29
5612,818.3108465608465,2020-05-29
5616,810.8979894179895,2020-05-29
5620,768.5379731379732,2020-05-29
5624,646.5528925619835,2020-05-29
5628,578.4021212121213,2020-05-29
5632,504.1873160173161,2020-05-29
5636,403.7823809523809,2020-05-29
5640,318.3957575757576,2020-05-29
5644,232.89272727272729,2020-05-29
5648,154.90030303030306,2020-05-29
5652,91.09597402597402,2020-05-29
5656,35.39471861471861,2020-05-29
5660,15.371926406926406,2020-05-29
5664,0.0,2020-05-29
5668,0.0,2020-05-29
5672,0.0,2020-05-29
5676,0.0,2020-05-29
5680,0.0,2020-05-29
5684,0.0,2020-05-29
5688,0.0,2020-05-29
5692,0.0,2020-05-29
5696,0.0,2020-05-29
5700,0.0,2020-05-29
5704,0.0,2020-05-29
5708,0.0,2020-05-29
5712,0.0,2020-05-29
5716,0.0,2020-05-29
5720,0.0,2020-05-29
5724,0.0,2020-05-29
5728,0.0,2020-05-29
5732,0.0,2020-05-29
5736,0.0,2020-05-29
5740,0.0,2020-05-29
5744,0.0,2020-05-29
5748,0.0,2020-05-30
5752,0.0,2020-05-30
5756,0.0,2020-05-30
5760,0.0,2020-05-30
5764,0.0,2020-05-30
5768,0.0,2020-05-30
5772,0.0,2020-05-30
5776,0.0,2020-05-30
5780,0.0,2020-05-30
5784,0.0,2020-05-30
5788,0.0,2020-05-30
5792,0.0,2020-05-30
5796,0.0,2020-05-30
5800,0.0,2020-05-30
5804,0.0,2020-05-30
5808,0.0,2020-05-30
5812,0.0,2020-05-30
5816,0.0,2020-05-30
5820,0.0,2020-05-30
5824,0.0,2020-05-30
5828,0.0,2020-05-30
5832,0.0,2020-05-30
5836,0.0,2020-05-30
5840,0.0,2020-05-30
5844,6.39939393939394,2020-05-30
5848,20.111277056277057,2020-05-30
5852,25.488593073593073,2020-05-30
5856,52.13902597402596,2020-05-30
5860,140.0714935064935,2020-05-30
5864,156.84666666666666,2020-05-30
5868,146.23231601731598,2020-05-30
5872,204.41415584415589,2020-05-30
5876,347.0373376623376,2020-05-30
5880,290.31976190476195,2020-05-30
5884,218.3142424242424,2020-05-30
5888,321.75547619047626,2020-05-30
5892,462.8401515151514,2020-05-30
5896,454.61138528138525,2020-05-30
5900,549.5398701298702,2020-05-30
5904,792.919090909091,2020-05-30
5908,765.7218398268398,2020-05-30
5912,661.3458441558441,2020-05-30
5916,950.7406493506495,2020-05-30
5920,894.3788095238094,2020-05-30
5924,684.0777922077923,2020-05-30
5928,949.1530086580086,2020-05-30
5932,883.580909090909,2020-05-30
5936,837.4462987012986,2020-05-30
5940,645.6437012987012,2020-05-30
5944,872.3706926406926,2020-05-30
5948,906.0199783549782,2020-05-30
5952,799.3375757575758,2020-05-30
5956,865.8259956709957,2020-05-30
5960,944.177922077922,2020-05-30
5964,864.2823593073593,2020-05-30
5968,871.5556709956709,2020-05-30
5972,882.0757575757575,2020-05-30
5976,906.481774891775,2020-05-30
5980,912.9272727272727,2020-05-30
5984,888.0291341991343,2020-05-30
5988,931.8088095238094,2020-05-30
5992,867.4124025974027,2020-05-30
5996,795.4070995670997,2020-05-30
6000,754.580909090909,2020-05-30
6004,678.6749783549784,2020-05-30
6008,600.663658008658,2020-05-30
6012,529.2235064935065,2020-05-30
6016,458.3580086580086,2020-05-30
6020,373.30523809523805,2020-05-30
6024,295.59030303030295,2020-05-30
6028,219.23038961038958,2020-05-30
6032,136.70497835497835,2020-05-30
6036,67.65883116883118,2020-05-30
6040,36.900303030303036,2020-05-30
6044,13.476666666666667,2020-05-30
6048,0.0,2020-05-30
6052,0.0,2020-05-30
6056,0.0,2020-05-30
6060,0.0,2020-05-30
6064,0.0,2020-05-30
6068,0.0,2020-05-30
6072,0.0,2020-05-30
6076,0.0,2020-05-30
6080,0.0,2020-05-30
6084,0.0,2020-05-30
6088,0.0,2020-05-30
6092,0.0,2020-05-30
6096,0.0,2020-05-30
6100,0.0,2020-05-30
6104,0.0,2020-05-30
6108,0.0,2020-05-30
6112,0.0,2020-05-30
6116,0.0,2020-05-30
6120,0.0,2020-05-30
6124,0.0,2020-05-30
6128,0.0,2020-05-30
6132,0.0,2020-05-31
6136,0.0,2020-05-31
6140,0.0,2020-05-31
6144,0.0,2020-05-31
6148,0.0,2020-05-31
6152,0.0,2020-05-31
6156,0.0,2020-05-31
6160,0.0,2020-05-31
6164,0.0,2020-05-31
6168,0.0,2020-05-31
6172,0.0,2020-05-31
6176,0.0,2020-05-31
6180,0.0,2020-05-31
6184,0.0,2020-05-31
6188,0.0,2020-05-31
6192,0.0,2020-05-31
6196,0.0,2020-05-31
6200,0.0,2020-05-31
6204,0.0,2020-05-31
6208,0.0,2020-05-31
6212,0.0,2020-05-31
6216,0.0,2020-05-31
6220,0.0,2020-05-31
6224,0.0,2020-05-31
6228,18.148939393939393,2020-05-31
6232,55.279458874458875,2020-05-31
6236,99.7427489177489,2020-05-31
6240,132.13363636363636,2020-05-31
6244,132.21824675324677,2020-05-31
6248,120.37281385281389,2020-05-31
6252,131.88807359307359,2020-05-31
6256,167.8474025974026,2020-05-31
6260,262.9907359307359,2020-05-31
6264,434.42454545454535,2020-05-31
6268,488.0902813852814,2020-05-31
6272,404.0559523809524,2020-05-31
6276,401.7748917748917,2020-05-31
6280,593.8804112554112,2020-05-31
6284,933.927510822511,2020-05-31
6288,775.1935714285712,2020-05-31
6292,680.8677705627705,2020-05-31
6296,785.1587662337662,2020-05-31
6300,886.0304761904761,2020-05-31
6304,1010.2890909090906,2020-05-31
6308,672.9796536796538,2020-05-31
6312,881.710606060606,2020-05-31
6316,948.1184632034633,2020-05-31
6320,700.4526839826839,2020-05-31
6324,1061.3691774891777,2020-05-31
6328,1086.0862121212122,2020-05-31
6332,502.29,2020-05-31
6336,1128.928593073593,2020-05-31
6340,1035.630735930736,2020-05-31
6344,1184.4246753246755,2020-05-31
6348,1052.6218614718616,2020-05-31
6352,1128.4033549783553,2020-05-31
6356,1146.3409307359304,2020-05-31
6360,775.7327272727271,2020-05-31
6364,401.344632034632,2020-05-31
6368,404.8510822510822,2020-05-31
6372,605.6204112554113,2020-05-31
6376,419.4948484848485,2020-05-31
6380,268.5960606060606,2020-05-31
6384,269.46911255411254,2020-05-31
6388,218.5782034632034,2020-05-31
6392,207.89709956709956,2020-05-31
6396,181.5984848484848,2020-05-31
6400,134.15969696969697,2020-05-31
6404,93.61207792207792,2020-05-31
6408,56.579220779220776,2020-05-31
6412,81.71584415584417,2020-05-31
6416,71.16727272727275,2020-05-31
6420,50.041515151515156,2020-05-31
6424,25.897727272727277,2020-05-31
6428,1.2283116883116885,2020-05-31
6432,0.0,2020-05-31
6436,0.0,2020-05-31
6440,0.0,2020-05-31
6444,0.0,2020-05-31
6448,0.0,2020-05-31
6452,0.0,2020-05-31
6456,0.0,2020-05-31
6460,0.0,2020-05-31
6464,0.0,2020-05-31
6468,0.0,2020-05-31
6472,0.0,2020-05-31
6476,0.0,2020-05-31
6480,0.0,2020-05-31
6484,0.0,2020-05-31
6488,0.0,2020-05-31
6492,0.0,2020-05-31
6496,0.0,2020-05-31
6500,0.0,2020-05-31
6504,0.0,2020-05-31
6508,0.0,2020-05-31
6512,0.0,2020-05-31
6516,0.0,2020-06-01
6520,0.0,2020-06-01
6524,0.0,2020-06-01
6528,0.0,2020-06-01
6532,0.0,2020-06-01
6536,0.0,2020-06-01
6540,0.0,2020-06-01
6544,0.0,2020-06-01
6548,0.0,2020-06-01
6552,0.0,2020-06-01
6556,0.0,2020-06-01
6560,0.0,2020-06-01
6564,0.0,2020-06-01
6568,0.0,2020-06-01
6572,0.0,2020-06-01
6576,0.0,2020-06-01
6580,0.0,2020-06-01
6584,0.0,2020-06-01
6588,0.0,2020-06-01
6592,0.0,2020-06-01
6596,0.0,2020-06-01
6600,0.0,2020-06-01
6604,0.0,2020-06-01
6608,0.0,2020-06-01
6612,4.706558441558442,2020-06-01
6616,30.85848484848485,2020-06-01
6620,71.17497835497835,2020-06-01
6624,108.44019480519484,2020-06-01
6628,97.7539393939394,2020-06-01
6632,236.1217965367965,2020-06-01
6636,246.61545454545458,2020-06-01
6640,199.31010822510822,2020-06-01
6644,234.6351948051948,2020-06-01
6648,302.7514718614718,2020-06-01
6652,397.66880952380956,2020-06-01
6656,740.5675757575756,2020-06-01
6660,878.8832683982683,2020-06-01
6664,893.9496969696968,2020-06-01
6668,956.4320129870129,2020-06-01
6672,869.6793939393941,2020-06-01
6676,925.4530519480519,2020-06-01
6680,1142.0887445887447,2020-06-01
6684,896.383528138528,2020-06-01
6688,468.11694805194816,2020-06-01
6692,497.11787878787885,2020-06-01
6696,643.7457792207792,2020-06-01
6700,511.18341991342004,2020-06-01
6704,461.7280735930736,2020-06-01
6708,396.05231601731606,2020-06-01
6712,910.7551515151516,2020-06-01
6716,1210.4775757575758,2020-06-01
6720,800.2682683982682,2020-06-01
6724,422.7849567099567,2020-06-01
6728,102.7616883116883,2020-06-01
6732,44.897727272727266,2020-06-01
6736,103.58454545454548,2020-06-01
6740,86.72175324675324,2020-06-01
6744,68.98818181818181,2020-06-01
6748,56.83303030303031,2020-06-01
6752,55.470606060606066,2020-06-01
6756,57.91454545454545,2020-06-01
6760,61.47030303030303,2020-06-01
6764,68.93127705627705,2020-06-01
6768,81.12439393939393,2020-06-01
6772,100.5060606060606,2020-06-01
6776,134.4530303030303,2020-06-01
6780,143.54212121212123,2020-06-01
6784,70.25558441558441,2020-06-01
6788,78.83311688311687,2020-06-01
6792,31.650670995670996,2020-06-01
6796,8.128758741258743,2020-06-01
6800,0.0,2020-06-01
6804,0.0,2020-06-01
6808,0.0,2020-06-01
6812,0.0,2020-06-01
6816,0.0,2020-06-01
6820,0.0,2020-06-01
6824,0.0,2020-06-01
6828,0.0,2020-06-01
6832,0.0,2020-06-01
6836,0.0,2020-06-01
6840,0.0,2020-06-01
6844,0.0,2020-06-01
6848,0.0,2020-06-01
6852,0.0,2020-06-01
6856,0.0,2020-06-01
6860,0.0,2020-06-01
6864,0.0,2020-06-01
6868,0.0,2020-06-01
6872,0.0,2020-06-01
6876,0.0,2020-06-01
6880,0.0,2020-06-01
6884,0.0,2020-06-01
6888,0.0,2020-06-01
6892,0.0,2020-06-01
6896,0.0,2020-06-02
6900,0.0,2020-06-02
6904,0.0,2020-06-02
6908,0.0,2020-06-02
6912,0.0,2020-06-02
6916,0.0,2020-06-02
6920,0.0,2020-06-02
6924,0.0,2020-06-02
6928,0.0,2020-06-02
6932,0.0,2020-06-02
6936,0.0,2020-06-02
6940,0.0,2020-06-02
6944,0.0,2020-06-02
6948,0.0,2020-06-02
6952,0.0,2020-06-02
6956,0.0,2020-06-02
6960,0.0,2020-06-02
6964,0.0,2020-06-02
6968,0.0,2020-06-02
6972,0.0,2020-06-02
6976,0.0,2020-06-02
6980,0.0,2020-06-02
6984,0.0,2020-06-02
6988,0.24389610389610386,2020-06-02
6992,26.38785714285714,2020-06-02
6996,66.24742424242424,2020-06-02
7000,111.11612554112554,2020-06-02
7004,241.33772727272725,2020-06-02
7008,242.05246753246755,2020-06-02
7012,325.7937445887446,2020-06-02
7016,362.33251082251087,2020-06-02
7020,383.8087445887446,2020-06-02
7024,492.935606060606,2020-06-02
7028,509.06242424242424,2020-06-02
7032,542.8906060606059,2020-06-02
7036,642.2307359307359,2020-06-02
7040,695.6151948051948,2020-06-02
7044,581.0896103896104,2020-06-02
7048,602.140800865801,2020-06-02
7052,618.6406060606062,2020-06-02
7056,664.7151515151513,2020-06-02
7060,728.6166883116883,2020-06-02
7064,651.2599134199133,2020-06-02
7068,667.7476623376623,2020-06-02
7072,620.2558441558442,2020-06-02
7076,249.94025974025982,2020-06-02
7080,699.0526406926407,2020-06-02
7084,579.2707142857143,2020-06-02
7088,484.0793073593073,2020-06-02
7092,411.70303030303035,2020-06-02
7096,0.0,2020-06-02
7100,572.6636147186147,2020-06-02
7104,496.8463636363636,2020-06-02
7108,720.4125108225109,2020-06-02
7112,766.4766666666667,2020-06-02
7116,714.8332034632034,2020-06-02
7120,860.7637445887445,2020-06-02
7124,737.0581818181819,2020-06-02
7128,592.2721212121213,2020-06-02
7132,717.1965584415583,2020-06-02
7136,715.798051948052,2020-06-02
7140,598.5369696969697,2020-06-02
7144,835.6622510822511,2020-06-02
7148,556.9081168831167,2020-06-02
7152,331.5307142857142,2020-06-02
7156,0.0,2020-06-02
7160,0.0,2020-06-02
7164,498.007922077922,2020-06-02
7168,498.3950865800867,2020-06-02
7172,403.9977272727272,2020-06-02
7176,335.32705627705633,2020-06-02
7180,202.73636363636362,2020-06-02
7184,150.483658008658,2020-06-02
7188,81.10848484848485,2020-06-02
7192,24.599610389610394,2020-06-02
7196,1.0888528138528137,2020-06-02
7200,0.0,2020-06-02
7204,0.0,2020-06-02
7208,0.0,2020-06-02
7212,0.0,2020-06-02
7216,0.0,2020-06-02
7220,0.0,2020-06-02
7224,0.0,2020-06-02
7228,0.0,2020-06-02
7232,0.0,2020-06-02
7236,0.0,2020-06-02
7240,0.0,2020-06-02
7244,0.0,2020-06-02
7248,0.0,2020-06-02
7252,0.0,2020-06-02
7256,0.0,2020-06-02
7260,0.0,2020-06-02
7264,0.0,2020-06-02
7268,0.0,2020-06-02
7272,0.0,2020-06-02
7276,0.0,2020-06-02
7280,0.0,2020-06-03
7284,0.0,2020-06-03
7288,0.0,2020-06-03
7292,0.0,2020-06-03
7296,0.0,2020-06-03
7300,0.0,2020-06-03
7304,0.0,2020-06-03
7308,0.0,2020-06-03
7312,0.0,2020-06-03
7316,0.0,2020-06-03
7320,0.0,2020-06-03
7324,0.0,2020-06-03
7328,0.0,2020-06-03
7332,0.0,2020-06-03
7336,0.0,2020-06-03
7340,0.0,2020-06-03
7344,0.0,2020-06-03
7348,0.0,2020-06-03
7352,0.0,2020-06-03
7356,0.0,2020-06-03
7360,0.0,2020-06-03
7364,0.0,2020-06-03
7368,0.0,2020-06-03
7372,0.0,2020-06-03
7376,2.897943722943723,2020-06-03
7380,27.95848484848485,2020-06-03
7384,59.538181818181826,2020-06-03
7388,105.70329004329001,2020-06-03
7392,149.2919696969697,2020-06-03
7396,173.16469696969696,2020-06-03
7400,192.689696969697,2020-06-03
7404,366.25140692640696,2020-06-03
7408,435.4007575757576,2020-06-03
7412,442.4790259740259,2020-06-03
7416,506.1325757575758,2020-06-03
7420,520.7339393939393,2020-06-03
7424,688.3549783549785,2020-06-03
7428,420.45852813852815,2020-06-03
7432,506.3980303030303,2020-06-03
7436,656.8310389610389,2020-06-03
7440,571.9433333333332,2020-06-03
7444,422.24725108225107,2020-06-03
7448,463.02385281385284,2020-06-03
7452,154.4956277056277,2020-06-03
7456,358.9142424242425,2020-06-03
7460,611.5007575757576,2020-06-03
7464,591.7787012987011,2020-06-03
7468,481.05971861471875,2020-06-03
7472,623.0520995670996,2020-06-03
7476,512.7781818181818,2020-06-03
7480,430.5869264069264,2020-06-03
7484,277.87000000000006,2020-06-03
7488,110.05818181818181,2020-06-03
7492,614.1011904761904,2020-06-03
7496,570.9457575757576,2020-06-03
7500,542.9389393939393,2020-06-03
7504,701.7313852813852,2020-06-03
7508,460.8953246753246,2020-06-03
7512,677.1924458874458,2020-06-03
7516,649.5632683982684,2020-06-03
7520,521.8215151515151,2020-06-03
7524,429.0147402597402,2020-06-03
7528,689.7193939393939,2020-06-03
7532,461.5566450216451,2020-06-03
7536,301.5759307359308,2020-06-03
7540,252.25041125541122,2020-06-03
7544,288.78818181818184,2020-06-03
7548,252.43004329004327,2020-06-03
7552,176.99608225108227,2020-06-03
7556,150.71545454545455,2020-06-03
7560,122.72385281385282,2020-06-03
7564,77.90264069264066,2020-06-03
7568,37.471082251082244,2020-06-03
7572,12.670757575757575,2020-06-03
7576,0.0,2020-06-03
7580,0.0,2020-06-03
7584,0.0,2020-06-03
7588,0.0,2020-06-03
7592,0.0,2020-06-03
7596,0.0,2020-06-03
7600,0.0,2020-06-03
7604,0.0,2020-06-03
7608,0.0,2020-06-03
7612,0.0,2020-06-03
7616,0.0,2020-06-03
7620,0.0,2020-06-03
7624,0.0,2020-06-03
7628,0.0,2020-06-03
7632,0.0,2020-06-03
7636,0.0,2020-06-03
7640,0.0,2020-06-03
7644,0.0,2020-06-03
7648,0.0,2020-06-03
7652,0.0,2020-06-03
7656,0.0,2020-06-03
7660,0.0,2020-06-04
7664,0.0,2020-06-04
7668,0.0,2020-06-04
7672,0.0,2020-06-04
7676,0.0,2020-06-04
7680,0.0,2020-06-04
7684,0.0,2020-06-04
7688,0.0,2020-06-04
7692,0.0,2020-06-04
7696,0.0,2020-06-04
7700,0.0,2020-06-04
7704,0.0,2020-06-04
7708,0.0,2020-06-04
7712,0.0,2020-06-04
7716,0.0,2020-06-04
7720,0.0,2020-06-04
7724,0.0,2020-06-04
7728,0.0,2020-06-04
7732,0.0,2020-06-04
7736,0.0,2020-06-04
7740,0.0,2020-06-04
7744,0.0,2020-06-04
7748,0.0,2020-06-04
7752,0.0,2020-06-04
7756,5.874458874458873,2020-06-04
7760,29.076666666666668,2020-06-04
7764,63.36357142857142,2020-06-04
7768,102.24939393939394,2020-06-04
7772,166.94398268398265,2020-06-04
7776,212.4524025974025,2020-06-04
7780,241.6966666666667,2020-06-04
7784,337.20506493506485,2020-06-04
7788,383.82826839826845,2020-06-04
7792,568.7798484848486,2020-06-04
7796,499.8915800865801,2020-06-04
7800,515.1181818181817,2020-06-04
7804,576.5667965367966,2020-06-04
7808,679.1996320346321,2020-06-04
7812,721.6104545454546,2020-06-04
7816,657.7199783549783,2020-06-04
7820,658.0411688311689,2020-06-04
7824,590.8083766233766,2020-06-04
7828,488.54160173160165,2020-06-04
7832,349.66019480519475,2020-06-04
7836,645.6579870129871,2020-06-04
7840,629.6874025974026,2020-06-04
7844,734.4917532467533,2020-06-04
7848,756.7455411255413,2020-06-04
7852,593.1993506493505,2020-06-04
7856,598.6489610389609,2020-06-04
7860,841.1000865800863,2020-06-04
7864,749.7088528138527,2020-06-04
7868,579.970606060606,2020-06-04
7872,698.6336363636364,2020-06-04
7876,580.4954978354979,2020-06-04
7880,220.8859090909091,2020-06-04
7884,231.92017316017316,2020-06-04
7888,493.2342424242424,2020-06-04
7892,512.4180086580086,2020-06-04
7896,568.9132683982683,2020-06-04
7900,600.3657359307362,2020-06-04
7904,482.59716450216456,2020-06-04
7908,458.25303030303036,2020-06-04
7912,391.40350649350654,2020-06-04
7916,277.3938311688311,2020-06-04
7920,338.2888744588745,2020-06-04
7924,376.77151515151513,2020-06-04
7928,465.080303030303,2020-06-04
7932,300.04153679653683,2020-06-04
7936,196.633354978355,2020-06-04
7940,145.92950216450214,2020-06-04
7944,119.23424242424242,2020-06-04
7948,83.89393939393939,2020-06-04
7952,47.1391774891775,2020-06-04
7956,22.082316017316018,2020-06-04
7960,0.11636363636363635,2020-06-04
7964,0.0,2020-06-04
7968,0.0,2020-06-04
7972,0.0,2020-06-04
7976,0.0,2020-06-04
7980,0.0,2020-06-04
7984,0.0,2020-06-04
7988,0.0,2020-06-04
7992,0.0,2020-06-04
7996,0.0,2020-06-04
8000,0.0,2020-06-04
8004,0.0,2020-06-04
8008,0.0,2020-06-04
8012,0.0,2020-06-04
8016,0.0,2020-06-04
8020,0.0,2020-06-04
8024,0.0,2020-06-04
8028,0.0,2020-06-04
8032,0.0,2020-06-04
8036,0.0,2020-06-04
8040,0.0,2020-06-04
8044,0.0,2020-06-05
8048,0.0,2020-06-05
8052,0.0,2020-06-05
8056,0.0,2020-06-05
8060,0.0,2020-06-05
8064,0.0,2020-06-05
8068,0.0,2020-06-05
8072,0.0,2020-06-05
8076,0.0,2020-06-05
8080,0.0,2020-06-05
8084,0.0,2020-06-05
8088,0.0,2020-06-05
8092,0.0,2020-06-05
8096,0.0,2020-06-05
8100,0.0,2020-06-05
8104,0.0,2020-06-05
8108,0.0,2020-06-05
8112,0.0,2020-06-05
8116,0.0,2020-06-05
8120,0.0,2020-06-05
8124,0.0,2020-06-05
8128,0.0,2020-06-05
8132,0.0,2020-06-05
8136,0.0,2020-06-05
8140,4.119632034632035,2020-06-05
8144,30.855000000000004,2020-06-05
8148,60.73002164502164,2020-06-05
8152,126.03965367965367,2020-06-05
8156,166.61861471861468,2020-06-05
8160,200.77430735930736,2020-06-05
8164,218.0835714285714,2020-06-05
8168,278.09770562770564,2020-06-05
8172,312.0721212121212,2020-06-05
8176,511.8417099567099,2020-06-05
8180,759.8939393939393,2020-06-05
8184,688.8502597402598,2020-06-05
8188,714.1165367965367,2020-06-05
8192,908.7351515151514,2020-06-05
8196,742.0600649350649,2020-06-05
8200,747.5778787878788,2020-06-05
8204,642.852922077922,2020-06-05
8208,606.4263203463203,2020-06-05
8212,737.1630303030302,2020-06-05
8216,691.5684848484849,2020-06-05
8220,723.7397402597402,2020-06-05
8224,636.0770995670995,2020-06-05
8228,693.6050216450217,2020-06-05
8232,339.9272727272728,2020-06-05
8236,799.1268181818182,2020-06-05
8240,846.49816017316,2020-06-05
8244,819.622878787879,2020-06-05
8248,707.0812121212122,2020-06-05
8252,656.1988095238095,2020-06-05
8256,848.5184199134197,2020-06-05
8260,297.6501515151515,2020-06-05
8264,238.31935064935067,2020-06-05
8268,378.9668181818182,2020-06-05
8272,451.1635064935064,2020-06-05
8276,528.6642857142858,2020-06-05
8280,392.78683982683975,2020-06-05
8284,491.60848484848486,2020-06-05
8288,580.857683982684,2020-06-05
8292,512.9674458874459,2020-06-05
8296,390.07160173160173,2020-06-05
8300,348.4853463203463,2020-06-05
8304,347.0112121212121,2020-06-05
8308,511.75101731601734,2020-06-05
8312,623.909696969697,2020-06-05
8316,449.9891774891775,2020-06-05
8320,307.2211688311689,2020-06-05
8324,191.25209956709958,2020-06-05
8328,181.7656277056277,2020-06-05
8332,74.6994805194805,2020-06-05
8336,40.01489177489177,2020-06-05
8340,19.38030303030303,2020-06-05
8344,0.20575757575757575,2020-06-05
8348,0.0,2020-06-05
8352,0.0,2020-06-05
8356,0.0,2020-06-05
8360,0.0,2020-06-05
8364,0.0,2020-06-05
8368,0.0,2020-06-05
8372,0.0,2020-06-05
8376,0.0,2020-06-05
8380,0.0,2020-06-05
8384,0.0,2020-06-05
8388,0.0,2020-06-05
8392,0.0,2020-06-05
8396,0.0,2020-06-05
8400,0.0,2020-06-05
8404,0.0,2020-06-05
8408,0.0,2020-06-05
8412,0.0,2020-06-05
8416,0.0,2020-06-05
8420,0.0,2020-06-05
8424,0.0,2020-06-05
8428,0.0,2020-06-06
8432,0.0,2020-06-06
8436,0.0,2020-06-06
8440,0.0,2020-06-06
8444,0.0,2020-06-06
8448,0.0,2020-06-06
8452,0.0,2020-06-06
8456,0.0,2020-06-06
8460,0.0,2020-06-06
8464,0.0,2020-06-06
8468,0.0,2020-06-06
8472,0.0,2020-06-06
8476,0.0,2020-06-06
8480,0.0,2020-06-06
8484,0.0,2020-06-06
8488,0.0,2020-06-06
8492,0.0,2020-06-06
8496,0.0,2020-06-06
8500,0.0,2020-06-06
8504,0.0,2020-06-06
8508,0.0,2020-06-06
8512,0.0,2020-06-06
8516,0.0,2020-06-06
8520,0.0,2020-06-06
8524,12.78062770562771,2020-06-06
8528,55.7621645021645,2020-06-06
8532,98.60261904761904,2020-06-06
8536,148.13132034632034,2020-06-06
8540,142.50272727272727,2020-06-06
8544,179.52331168831168,2020-06-06
8548,135.8281818181818,2020-06-06
8552,145.31376623376624,2020-06-06
8556,412.32692640692636,2020-06-06
8560,549.0169696969698,2020-06-06
8564,667.2499783549783,2020-06-06
8568,808.6448484848484,2020-06-06
8572,668.1543506493507,2020-06-06
8576,620.0416233766234,2020-06-06
8580,715.9107792207792,2020-06-06
8584,715.6827056277058,2020-06-06
8588,720.2521212121213,2020-06-06
8592,784.3413203463202,2020-06-06
8596,735.949393939394,2020-06-06
8600,690.529090909091,2020-06-06
8604,681.6674891774892,2020-06-06
8608,717.6006060606061,2020-06-06
8612,646.7619696969697,2020-06-06
8616,489.74,2020-06-06
8620,548.2789177489177,2020-06-06
8624,792.8087878787878,2020-06-06
8628,766.5663636363635,2020-06-06
8632,551.9564285714285,2020-06-06
8636,552.5339393939394,2020-06-06
8640,488.20203463203455,2020-06-06
8644,390.5330303030303,2020-06-06
8648,737.6494805194804,2020-06-06
8652,656.726471861472,2020-06-06
8656,480.72090909090906,2020-06-06
8660,0.0,2020-06-06
8664,382.06878787878793,2020-06-06
8668,399.7422510822511,2020-06-06
8672,611.0730086580086,2020-06-06
8676,651.9830303030304,2020-06-06
8680,679.6226406926406,2020-06-06
8684,689.8580303030302,2020-06-06
8688,644.4464718614718,2020-06-06
8692,592.2709090909091,2020-06-06
8696,508.62393939393934,2020-06-06
8700,409.266645021645,2020-06-06
8704,315.5546969696969,2020-06-06
8708,214.45032467532465,2020-06-06
8712,165.98545454545453,2020-06-06
8716,103.03242424242423,2020-06-06
8720,56.12424242424242,2020-06-06
8724,26.210606060606054,2020-06-06
8728,1.2614069264069263,2020-06-06
8732,0.0,2020-06-06
8736,0.0,2020-06-06
8740,0.0,2020-06-06
8744,0.0,2020-06-06
8748,0.0,2020-06-06
8752,0.0,2020-06-06
8756,0.0,2020-06-06
8760,0.0,2020-06-06
8764,0.0,2020-06-06
8768,0.0,2020-06-06
8772,0.0,2020-06-06
8776,0.0,2020-06-06
8780,0.0,2020-06-06
8784,0.0,2020-06-06
8788,0.0,2020-06-06
8792,0.0,2020-06-06
8796,0.0,2020-06-06
8800,0.0,2020-06-06
8804,0.0,2020-06-06
8808,0.0,2020-06-06
8812,0.0,2020-06-07
8816,0.0,2020-06-07
8820,0.0,2020-06-07
8824,0.0,2020-06-07
8828,0.0,2020-06-07
8832,0.0,2020-06-07
8836,0.0,2020-06-07
8840,0.0,2020-06-07
8844,0.0,2020-06-07
8848,0.0,2020-06-07
8852,0.0,2020-06-07
8856,0.0,2020-06-07
8860,0.0,2020-06-07
8864,0.0,2020-06-07
8868,0.0,2020-06-07
8872,0.0,2020-06-07
8876,0.0,2020-06-07
8880,0.0,2020-06-07
8884,0.0,2020-06-07
8888,0.0,2020-06-07
8892,0.0,2020-06-07
8896,0.0,2020-06-07
8900,0.0,2020-06-07
8904,0.0,2020-06-07
8908,14.352186147186147,2020-06-07
8912,42.094848484848484,2020-06-07
8916,67.63835497835498,2020-06-07
8920,75.08006493506494,2020-06-07
8924,98.72926406926409,2020-06-07
8928,127.41461038961039,2020-06-07
8932,211.02060606060604,2020-06-07
8936,331.30476190476196,2020-06-07
8940,305.09742424242427,2020-06-07
8944,474.5009956709957,2020-06-07
8948,508.02699134199133,2020-06-07
8952,726.5769696969696,2020-06-07
8956,789.9574025974027,2020-06-07
8960,612.1598484848483,2020-06-07
8964,145.1368181818182,2020-06-07
8968,676.4070562770562,2020-06-07
8972,665.6784848484849,2020-06-07
8976,659.0710173160173,2020-06-07
8980,618.0692424242425,2020-06-07
8984,487.6353246753246,2020-06-07
8988,516.5269696969698,2020-06-07
8992,553.8036363636363,2020-06-07
8996,600.5163636363636,2020-06-07
9000,608.4013636363635,2020-06-07
9004,654.6549567099569,2020-06-07
9008,730.9927272727274,2020-06-07
9012,696.3174458874458,2020-06-07
9016,534.8183549783549,2020-06-07
9020,476.4905194805195,2020-06-07
9024,604.1995670995672,2020-06-07
9028,578.1512121212122,2020-06-07
9032,642.7457792207792,2020-06-07
9036,637.7176839826839,2020-06-07
9040,729.6248051948053,2020-06-07
9044,704.5545454545455,2020-06-07
9048,694.6607359307359,2020-06-07
9052,560.3822077922079,2020-06-07
9056,18.596666666666668,2020-06-07
9060,179.9270562770563,2020-06-07
9064,646.9663636363636,2020-06-07
9068,247.51653679653683,2020-06-07
9072,514.8684848484849,2020-06-07
9076,350.3728138528139,2020-06-07
9080,189.41993506493506,2020-06-07
9084,328.1296969696969,2020-06-07
9088,290.2902597402598,2020-06-07
9092,237.67363636363635,2020-06-07
9096,165.00683982683987,2020-06-07
9100,95.03361471861471,2020-06-07
9104,58.103333333333346,2020-06-07
9108,27.441601731601736,2020-06-07
9112,2.8207359307359314,2020-06-07
9116,0.0,2020-06-07
9120,0.0,2020-06-07
9124,0.0,2020-06-07
9128,0.0,2020-06-07
9132,0.0,2020-06-07
9136,0.0,2020-06-07
9140,0.0,2020-06-07
9144,0.0,2020-06-07
9148,0.0,2020-06-07
9152,0.0,2020-06-07
9156,0.0,2020-06-07
9160,0.0,2020-06-07
9164,0.0,2020-06-07
9168,0.0,2020-06-07
9172,0.0,2020-06-07
9176,0.0,2020-06-07
9180,0.0,2020-06-07
9184,0.0,2020-06-07
9188,0.0,2020-06-07
9192,0.0,2020-06-07
9196,0.0,2020-06-08
9200,0.0,2020-06-08
9204,0.0,2020-06-08
9208,0.0,2020-06-08
9212,0.0,2020-06-08
9216,0.0,2020-06-08
9220,0.0,2020-06-08
9224,0.0,2020-06-08
9228,0.0,2020-06-08
9232,0.0,2020-06-08
9236,0.0,2020-06-08
9240,0.0,2020-06-08
9244,0.0,2020-06-08
9248,0.0,2020-06-08
9252,0.0,2020-06-08
9256,0.0,2020-06-08
9260,0.0,2020-06-08
9264,0.0,2020-06-08
9268,0.0,2020-06-08
9272,0.0,2020-06-08
9276,0.0,2020-06-08
9280,0.0,2020-06-08
9284,0.0,2020-06-08
9288,0.0,2020-06-08
9292,18.727402597402595,2020-06-08
9296,54.440930735930735,2020-06-08
9300,93.43945887445888,2020-06-08
9304,136.6651515151515,2020-06-08
9308,231.29123376623377,2020-06-08
9312,254.79666666666665,2020-06-08
9316,389.1198268398268,2020-06-08
9320,470.5647619047619,2020-06-08
9324,551.6684848484848,2020-06-08
9328,452.6483982683983,2020-06-08
9332,682.228593073593,2020-06-08
9336,533.5542424242423,2020-06-08
9340,701.5183116883117,2020-06-08
9344,582.3223776223776,2020-06-08
9348,711.8335198135198,2020-06-08
9352,773.436088911089,2020-06-08
9356,702.4485497835499,2020-06-08
9360,693.2760606060606,2020-06-08
9364,700.3610606060606,2020-06-08
9368,607.4461471861472,2020-06-08
9372,720.1797402597402,2020-06-08
9376,691.939696969697,2020-06-08
9380,766.0632900432901,2020-06-08
9384,641.6122727272727,2020-06-08
9388,592.7885714285713,2020-06-08
9392,735.4177922077921,2020-06-08
9396,724.6039393939394,2020-06-08
9400,745.9492424242425,2020-06-08
9404,570.0219047619048,2020-06-08
9408,517.3254112554113,2020-06-08
9412,720.2130303030302,2020-06-08
9416,656.0224891774892,2020-06-08
9420,704.5700000000002,2020-06-08
9424,764.7441125541126,2020-06-08
9428,843.7297402597403,2020-06-08
9432,815.5293939393938,2020-06-08
9436,691.0660606060605,2020-06-08
9440,892.0040692640694,2020-06-08
9444,960.5007575757573,2020-06-08
9448,814.5916017316017,2020-06-08
9452,678.3593939393941,2020-06-08
9456,576.8281818181819,2020-06-08
9460,505.52610389610385,2020-06-08
9464,414.89954545454543,2020-06-08
9468,360.0937662337662,2020-06-08
9472,280.02363636363634,2020-06-08
9476,254.83322510822507,2020-06-08
9480,213.3372294372294,2020-06-08
9484,152.4232683982684,2020-06-08
9488,82.06424242424242,2020-06-08
9492,35.574069264069266,2020-06-08
9496,5.098073593073594,2020-06-08
9500,0.0,2020-06-08
9504,0.0,2020-06-08
9508,0.0,2020-06-08
9512,0.0,2020-06-08
9516,0.0,2020-06-08
9520,0.0,2020-06-08
9524,0.0,2020-06-08
9528,0.0,2020-06-08
9532,0.0,2020-06-08
9536,0.0,2020-06-08
9540,0.0,2020-06-08
9544,0.0,2020-06-08
9548,0.0,2020-06-08
9552,0.0,2020-06-08
9556,0.0,2020-06-08
9560,0.0,2020-06-08
9564,0.0,2020-06-08
9568,0.0,2020-06-08
9572,0.0,2020-06-08
9576,0.0,2020-06-08
9580,0.0,2020-06-09
9584,0.0,2020-06-09
9588,0.0,2020-06-09
9592,0.0,2020-06-09
9596,0.0,2020-06-09
9600,0.0,2020-06-09
9604,0.0,2020-06-09
9608,0.0,2020-06-09
9612,0.0,2020-06-09
9616,0.0,2020-06-09
9620,0.0,2020-06-09
9624,0.0,2020-06-09
9628,0.0,2020-06-09
9632,0.0,2020-06-09
9636,0.0,2020-06-09
9640,0.0,2020-06-09
9644,0.0,2020-06-09
9648,0.0,2020-06-09
9652,0.0,2020-06-09
9656,0.0,2020-06-09
9660,0.0,2020-06-09
9664,0.0,2020-06-09
9668,0.0,2020-06-09
9672,0.0,2020-06-09
9676,13.327943722943719,2020-06-09
9680,42.90984848484848,2020-06-09
9684,78.3765367965368,2020-06-09
9688,131.22727272727272,2020-06-09
9692,242.84593073593075,2020-06-09
9696,384.37142857142845,2020-06-09
9700,488.73088744588745,2020-06-09
9704,561.1139610389611,2020-06-09
9708,477.9918181818181,2020-06-09
9712,538.6980303030304,2020-06-09
9716,716.3201298701299,2020-06-09
9720,753.1245670995671,2020-06-09
9724,884.5193506493507,2020-06-09
9728,920.2978787878786,2020-06-09
9732,807.434761904762,2020-06-09
9736,230.55621212121213,2020-06-09
9740,664.7908658008658,2020-06-09
9744,642.7239393939394,2020-06-09
9748,683.3760606060606,2020-06-09
9752,643.1174242424241,2020-06-09
9756,557.9361255411254,2020-06-09
9760,563.1135064935065,2020-06-09
9764,654.1421212121212,2020-06-09
9768,490.9181818181818,2020-06-09
9772,599.0266666666666,2020-06-09
9776,531.0446753246753,2020-06-09
9780,539.2548051948053,2020-06-09
9784,697.7063636363636,2020-06-09
9788,549.39487012987,2020-06-09
9792,550.3287012987014,2020-06-09
9796,608.6330303030302,2020-06-09
9800,524.3993939393939,2020-06-09
9804,528.5475757575757,2020-06-09
9808,660.3710173160172,2020-06-09
9812,606.5983766233767,2020-06-09
9816,669.996341991342,2020-06-09
9820,692.154805194805,2020-06-09
9824,611.539696969697,2020-06-09
9828,614.9259307359308,2020-06-09
9832,777.0962554112554,2020-06-09
9836,641.9108441558441,2020-06-09
9840,709.883225108225,2020-06-09
9844,603.1830303030303,2020-06-09
9848,336.7660822510823,2020-06-09
9852,276.2828138528139,2020-06-09
9856,237.96396103896097,2020-06-09
9860,171.20545454545461,2020-06-09
9864,121.25333333333333,2020-06-09
9868,79.63229437229437,2020-06-09
9872,47.719891774891785,2020-06-09
9876,23.158961038961042,2020-06-09
9880,1.1063203463203464,2020-06-09
9884,0.0,2020-06-09
9888,0.0,2020-06-09
9892,0.0,2020-06-09
9896,0.0,2020-06-09
9900,0.0,2020-06-09
9904,0.0,2020-06-09
9908,0.0,2020-06-09
9912,0.0,2020-06-09
9916,0.0,2020-06-09
9920,0.0,2020-06-09
9924,0.0,2020-06-09
9928,0.0,2020-06-09
9932,0.0,2020-06-09
9936,0.0,2020-06-09
9940,0.0,2020-06-09
9944,0.0,2020-06-09
9948,0.0,2020-06-09
9952,0.0,2020-06-09
9956,0.0,2020-06-09
9960,0.0,2020-06-09
9964,0.0,2020-06-10
9968,0.0,2020-06-10
9972,0.0,2020-06-10
9976,0.0,2020-06-10
9980,0.0,2020-06-10
9984,0.0,2020-06-10
9988,0.0,2020-06-10
9992,0.0,2020-06-10
9996,0.0,2020-06-10
10000,0.0,2020-06-10
10004,0.0,2020-06-10
10008,0.0,2020-06-10
10012,0.0,2020-06-10
10016,0.0,2020-06-10
10020,0.0,2020-06-10
10024,0.0,2020-06-10
10028,0.0,2020-06-10
10032,0.0,2020-06-10
10036,0.0,2020-06-10
10040,0.0,2020-06-10
10044,0.0,2020-06-10
10048,0.0,2020-06-10
10052,0.0,2020-06-10
10056,0.0,2020-06-10
10060,11.932987012987013,2020-06-10
10064,27.6595670995671,2020-06-10
10068,40.54277056277058,2020-06-10
10072,70.93287878787879,2020-06-10
10076,100.82454545454547,2020-06-10
10080,108.2421212121212,2020-06-10
10084,170.78463203463204,2020-06-10
10088,239.6734415584415,2020-06-10
10092,354.3061471861472,2020-06-10
10096,488.65298701298684,2020-06-10
10100,712.5129437229436,2020-06-10
10104,594.8842424242424,2020-06-10
10108,485.91365800865805,2020-06-10
10112,531.4361038961039,2020-06-10
10116,890.6374242424241,2020-06-10
10120,691.0129004329002,2020-06-10
10124,625.4956493506494,2020-06-10
10128,661.5374458874459,2020-06-10
10132,744.9348484848484,2020-06-10
10136,800.6368181818183,2020-06-10
10140,571.8278787878787,2020-06-10
10144,0.0,2020-06-10
10148,0.0,2020-06-10
10152,394.9884415584416,2020-06-10
10156,685.5806277056278,2020-06-10
10160,705.5324242424241,2020-06-10
10164,603.6328787878788,2020-06-10
10168,559.5253463203463,2020-06-10
10172,402.5709090909091,2020-06-10
10176,518.9269913419913,2020-06-10
10180,626.8321212121213,2020-06-10
10184,572.2063419913419,2020-06-10
10188,143.2585497835498,2020-06-10
10192,292.63272727272727,2020-06-10
10196,461.40461038961035,2020-06-10
10200,252.15151515151513,2020-06-10
10204,301.39746753246754,2020-06-10
10208,305.4864502164502,2020-06-10
10212,241.85515151515148,2020-06-10
10216,267.79590909090905,2020-06-10
10220,408.6266883116883,2020-06-10
10224,433.2831385281384,2020-06-10
10228,414.1463636363635,2020-06-10
10232,219.30512987012992,2020-06-10
10236,94.24467532467533,2020-06-10
10240,20.278290043290045,2020-06-10
10244,17.73553719008265,2020-06-10
10248,14.202922077922079,2020-06-10
10252,8.460909090909093,2020-06-10
10256,0.0,2020-06-10
10260,0.0,2020-06-10
10264,0.0,2020-06-10
10268,0.0,2020-06-10
10272,0.0,2020-06-10
10276,0.0,2020-06-10
10280,0.0,2020-06-10
10284,0.0,2020-06-10
10288,0.0,2020-06-10
10292,0.0,2020-06-10
10296,0.0,2020-06-10
10300,0.0,2020-06-10
10304,0.0,2020-06-10
10308,0.0,2020-06-10
10312,0.0,2020-06-10
10316,0.0,2020-06-10
10320,0.0,2020-06-10
10324,0.0,2020-06-10
10328,0.0,2020-06-10
10332,0.0,2020-06-10
10336,0.0,2020-06-10
10340,0.0,2020-06-10
10344,0.0,2020-06-10
10348,0.0,2020-06-11
10352,0.0,2020-06-11
10356,0.0,2020-06-11
10360,0.0,2020-06-11
10364,0.0,2020-06-11
10368,0.0,2020-06-11
10372,0.0,2020-06-11
10376,0.0,2020-06-11
10380,0.0,2020-06-11
10384,0.0,2020-06-11
10388,0.0,2020-06-11
10392,0.0,2020-06-11
10396,0.0,2020-06-11
10400,0.0,2020-06-11
10404,0.0,2020-06-11
10408,0.0,2020-06-11
10412,0.0,2020-06-11
10416,0.0,2020-06-11
10420,0.0,2020-06-11
10424,0.0,2020-06-11
10428,0.0,2020-06-11
10432,0.0,2020-06-11
10436,0.0,2020-06-11
10440,0.0,2020-06-11
10444,0.7306709956709958,2020-06-11
10448,13.159588744588744,2020-06-11
10452,20.901926406926403,2020-06-11
10456,34.49335497835498,2020-06-11
10460,88.42173160173158,2020-06-11
10464,152.27969696969697,2020-06-11
10468,150.40175324675326,2020-06-11
10472,107.91428571428573,2020-06-11
10476,104.3379437229437,2020-06-11
10480,176.69965367965366,2020-06-11
10484,224.33545454545455,2020-06-11
10488,356.6472943722943,2020-06-11
10492,535.3200216450217,2020-06-11
10496,465.7708008658008,2020-06-11
10500,282.16218614718616,2020-06-11
10504,347.71387445887444,2020-06-11
10508,443.61238095238093,2020-06-11
10512,483.9881818181819,2020-06-11
10516,513.0652597402598,2020-06-11
10520,571.9245454545454,2020-06-11
10524,590.4477272727273,2020-06-11
10528,661.768463203463,2020-06-11
10532,687.2396969696971,2020-06-11
10536,716.818896103896,2020-06-11
10540,0.0,2020-06-11
10544,59.572027972027975,2020-06-11
10548,486.6839393939394,2020-06-11
10552,586.5687878787877,2020-06-11
10556,489.0296536796537,2020-06-11
10560,472.13318181818164,2020-06-11
10564,531.4072727272728,2020-06-11
10568,653.1684848484849,2020-06-11
10572,514.5393939393939,2020-06-11
10576,504.18683982683984,2020-06-11
10580,340.565,2020-06-11
10584,247.482922077922,2020-06-11
10588,377.38000000000005,2020-06-11
10592,571.8942424242424,2020-06-11
10596,335.99545454545455,2020-06-11
10600,432.54073593073593,2020-06-11
10604,296.13218614718613,2020-06-11
10608,176.72636363636363,2020-06-11
10612,175.43116883116883,2020-06-11
10616,107.17415584415583,2020-06-11
10620,116.70062770562768,2020-06-11
10624,92.74945887445887,2020-06-11
10628,87.77666666666666,2020-06-11
10632,80.45991341991342,2020-06-11
10636,70.58125541125541,2020-06-11
10640,33.766666666666666,2020-06-11
10644,8.873398268398267,2020-06-11
10648,0.0,2020-06-11
10652,0.0,2020-06-11
10656,0.0,2020-06-11
10660,0.0,2020-06-11
10664,0.0,2020-06-11
10668,0.0,2020-06-11
10672,0.0,2020-06-11
10676,0.0,2020-06-11
10680,0.0,2020-06-11
10684,0.0,2020-06-11
10688,0.0,2020-06-11
10692,0.0,2020-06-11
10696,0.0,2020-06-11
10700,0.0,2020-06-11
10704,0.0,2020-06-11
10708,0.0,2020-06-11
10712,0.0,2020-06-11
10716,0.0,2020-06-11
10720,0.0,2020-06-11
10724,0.0,2020-06-11
10728,0.0,2020-06-11
10732,0.0,2020-06-12
10736,0.0,2020-06-12
10740,0.0,2020-06-12
10744,0.0,2020-06-12
10748,0.0,2020-06-12
10752,0.0,2020-06-12
10756,0.0,2020-06-12
10760,0.0,2020-06-12
10764,0.0,2020-06-12
10768,0.0,2020-06-12
10772,0.0,2020-06-12
10776,0.0,2020-06-12
10780,0.0,2020-06-12
10784,0.0,2020-06-12
10788,0.0,2020-06-12
10792,0.0,2020-06-12
10796,0.0,2020-06-12
10800,0.0,2020-06-12
10804,0.0,2020-06-12
10808,0.0,2020-06-12
10812,0.0,2020-06-12
10816,0.0,2020-06-12
10820,0.0,2020-06-12
10824,0.0,2020-06-12
10828,0.8329437229437229,2020-06-12
10832,18.786645021645025,2020-06-12
10836,46.93632034632034,2020-06-12
10840,97.2039393939394,2020-06-12
10844,128.96341991341993,2020-06-12
10848,167.31839826839825,2020-06-12
10852,199.4108225108225,2020-06-12
10856,259.3693073593074,2020-06-12
10860,232.32030303030297,2020-06-12
10864,250.8201082251082,2020-06-12
10868,305.6340692640692,2020-06-12
10872,182.57406926406927,2020-06-12
10876,458.0814718614718,2020-06-12
10880,366.8754545454545,2020-06-12
10884,613.1645887445889,2020-06-12
10888,436.69235930735925,2020-06-12
10892,362.4175757575758,2020-06-12
10896,249.92246753246755,2020-06-12
10900,245.029632034632,2020-06-12
10904,316.9309090909091,2020-06-12
10908,580.8324458874459,2020-06-12
10912,760.472554112554,2020-06-12
10916,705.5369696969695,2020-06-12
10920,595.9662554112555,2020-06-12
10924,629.9608008658009,2020-06-12
10928,604.0527489177491,2020-06-12
10932,593.4437662337663,2020-06-12
10936,473.8524242424242,2020-06-12
10940,142.7601298701299,2020-06-12
10944,599.6598484848485,2020-06-12
10948,559.1865367965369,2020-06-12
10952,521.0606493506493,2020-06-12
10956,743.170303030303,2020-06-12
10960,629.0060173160174,2020-06-12
10964,489.6213852813853,2020-06-12
10968,505.74277056277054,2020-06-12
10972,675.8778787878789,2020-06-12
10976,601.8696536796537,2020-06-12
10980,653.7709090909091,2020-06-12
10984,528.7166233766234,2020-06-12
10988,439.7850216450217,2020-06-12
10992,236.6151515151515,2020-06-12
10996,232.99664502164504,2020-06-12
11000,278.0345454545455,2020-06-12
11004,250.4832034632035,2020-06-12
11008,252.68640692640693,2020-06-12
11012,172.01497835497833,2020-06-12
11016,102.62097402597402,2020-06-12
11020,67.76969696969697,2020-06-12
11024,91.58616883116882,2020-06-12
11028,32.03670995670996,2020-06-12
11032,1.9733333333333336,2020-06-12
11036,0.0,2020-06-12
11040,0.0,2020-06-12
11044,0.0,2020-06-12
11048,0.0,2020-06-12
11052,0.0,2020-06-12
11056,0.0,2020-06-12
11060,0.0,2020-06-12
11064,0.0,2020-06-12
11068,0.0,2020-06-12
11072,0.0,2020-06-12
11076,0.0,2020-06-12
11080,0.0,2020-06-12
11084,0.0,2020-06-12
11088,0.0,2020-06-12
11092,0.0,2020-06-12
11096,0.0,2020-06-12
11100,0.0,2020-06-12
11104,0.0,2020-06-12
11108,0.0,2020-06-12
11112,0.0,2020-06-12
11116,0.0,2020-06-13
11120,0.0,2020-06-13
11124,0.0,2020-06-13
11128,0.0,2020-06-13
11132,0.0,2020-06-13
11136,0.0,2020-06-13
11140,0.0,2020-06-13
11144,0.0,2020-06-13
11148,0.0,2020-06-13
11152,0.0,2020-06-13
11156,0.0,2020-06-13
11160,0.0,2020-06-13
11164,0.0,2020-06-13
11168,0.0,2020-06-13
11172,0.0,2020-06-13
11176,0.0,2020-06-13
11180,0.0,2020-06-13
11184,0.0,2020-06-13
11188,0.0,2020-06-13
11192,0.0,2020-06-13
11196,0.0,2020-06-13
11200,0.0,2020-06-13
11204,0.0,2020-06-13
11208,0.0,2020-06-13
11212,2.673787878787879,2020-06-13
11216,41.18424242424243,2020-06-13
11220,71.31640692640693,2020-06-13
11224,111.14043290043288,2020-06-13
11228,191.73121212121214,2020-06-13
11232,181.37385281385284,2020-06-13
11236,338.7078354978355,2020-06-13
11240,281.60662337662336,2020-06-13
11244,367.3371428571429,2020-06-13
11248,433.91677489177476,2020-06-13
11252,357.4109090909091,2020-06-13
11256,563.595497835498,2020-06-13
11260,625.5464718614717,2020-06-13
11264,358.9360173160173,2020-06-13
11268,631.6770129870131,2020-06-13
11272,272.28000000000003,2020-06-13
11276,477.64803030303045,2020-06-13
11280,583.9352813852813,2020-06-13
11284,163.38149350649348,2020-06-13
11288,0.0,2020-06-13
11292,348.11030303030304,2020-06-13
11296,498.1218181818181,2020-06-13
11300,466.65238095238095,2020-06-13
11304,506.5366666666667,2020-06-13
11308,592.2338095238094,2020-06-13
11312,711.7557575757577,2020-06-13
11316,703.4673376623377,2020-06-13
11320,476.9077489177489,2020-06-13
11324,650.3546536796537,2020-06-13
11328,560.0146753246753,2020-06-13
11332,570.6027272727272,2020-06-13
11336,274.3655411255411,2020-06-13
11340,609.2295021645022,2020-06-13
11344,509.9002813852813,2020-06-13
11348,845.5109090909092,2020-06-13
11352,401.97080086580087,2020-06-13
11356,580.5544805194805,2020-06-13
11360,713.0609956709958,2020-06-13
11364,695.6740259740259,2020-06-13
11368,672.0306060606061,2020-06-13
11372,432.1658874458875,2020-06-13
11376,608.9417316017316,2020-06-13
11380,419.72121212121215,2020-06-13
11384,468.064329004329,2020-06-13
11388,491.9857575757576,2020-06-13
11392,278.6356926406927,2020-06-13
11396,198.34060606060604,2020-06-13
11400,133.67229437229437,2020-06-13
11404,122.8489826839827,2020-06-13
11408,69.22051948051949,2020-06-13
11412,28.165757575757574,2020-06-13
11416,1.5009307359307362,2020-06-13
11420,0.0,2020-06-13
11424,0.0,2020-06-13
11428,0.0,2020-06-13
11432,0.0,2020-06-13
11436,0.0,2020-06-13
11440,0.0,2020-06-13
11444,0.0,2020-06-13
11448,0.0,2020-06-13
11452,0.0,2020-06-13
11456,0.0,2020-06-13
11460,0.0,2020-06-13
11464,0.0,2020-06-13
11468,0.0,2020-06-13
11472,0.0,2020-06-13
11476,0.0,2020-06-13
11480,0.0,2020-06-13
11484,0.0,2020-06-13
11488,0.0,2020-06-13
11492,0.0,2020-06-13
11496,0.0,2020-06-13
11500,0.0,2020-06-14
11504,0.0,2020-06-14
11508,0.0,2020-06-14
11512,0.0,2020-06-14
11516,0.0,2020-06-14
11520,0.0,2020-06-14
11524,0.0,2020-06-14
11528,0.0,2020-06-14
11532,0.0,2020-06-14
11536,0.0,2020-06-14
11540,0.0,2020-06-14
11544,0.0,2020-06-14
11548,0.0,2020-06-14
11552,0.0,2020-06-14
11556,0.0,2020-06-14
11560,0.0,2020-06-14
11564,0.0,2020-06-14
11568,0.0,2020-06-14
11572,0.0,2020-06-14
11576,0.0,2020-06-14
11580,0.0,2020-06-14
11584,0.0,2020-06-14
11588,0.0,2020-06-14
11592,0.0,2020-06-14
11596,13.923160173160172,2020-06-14
11600,46.93030303030303,2020-06-14
11604,96.31686147186146,2020-06-14
11608,161.38023809523807,2020-06-14
11612,231.74536796536793,2020-06-14
11616,295.18454545454546,2020-06-14
11620,368.25116883116874,2020-06-14
11624,457.98203463203464,2020-06-14
11628,460.92805194805186,2020-06-14
11632,357.09196969696967,2020-06-14
11636,520.2912121212121,2020-06-14
11640,436.8517316017317,2020-06-14
11644,696.0676623376622,2020-06-14
11648,501.82445887445886,2020-06-14
11652,529.2776623376623,2020-06-14
11656,492.83969696969694,2020-06-14
11660,567.8695021645021,2020-06-14
11664,656.4571212121213,2020-06-14
11668,676.1948701298702,2020-06-14
11672,465.84534632034627,2020-06-14
11676,693.7093939393939,2020-06-14
11680,622.6131818181818,2020-06-14
11684,598.3163852813852,2020-06-14
11688,533.4470562770562,2020-06-14
11692,553.363722943723,2020-06-14
11696,760.6734848484848,2020-06-14
11700,785.6321212121212,2020-06-14
11704,710.0163852813854,2020-06-14
11708,642.6895021645022,2020-06-14
11712,680.516818181818,2020-06-14
11716,608.7245454545456,2020-06-14
11720,600.4558658008657,2020-06-14
11724,648.2054978354978,2020-06-14
11728,421.0766666666666,2020-06-14
11732,499.43961038961044,2020-06-14
11736,842.7039393939393,2020-06-14
11740,521.5154329004329,2020-06-14
11744,287.03993506493504,2020-06-14
11748,661.6084848484847,2020-06-14
11752,785.7327922077922,2020-06-14
11756,458.1042424242424,2020-06-14
11760,305.2766017316017,2020-06-14
11764,483.91329004329015,2020-06-14
11768,267.644264069264,2020-06-14
11772,266.8965800865801,2020-06-14
11776,219.69781385281385,2020-06-14
11780,167.44209956709955,2020-06-14
11784,152.14212121212122,2020-06-14
11788,101.97971861471864,2020-06-14
11792,59.67060606060605,2020-06-14
11796,22.473961038961043,2020-06-14
11800,0.0,2020-06-14
11804,0.0,2020-06-14
11808,0.0,2020-06-14
11812,0.0,2020-06-14
11816,0.0,2020-06-14
11820,0.0,2020-06-14
11824,0.0,2020-06-14
11828,0.0,2020-06-14
11832,0.0,2020-06-14
11836,0.0,2020-06-14
11840,0.0,2020-06-14
11844,0.0,2020-06-14
11848,0.0,2020-06-14
11852,0.0,2020-06-14
11856,0.0,2020-06-14
11860,0.0,2020-06-14
11864,0.0,2020-06-14
11868,0.0,2020-06-14
11872,0.0,2020-06-14
11876,0.0,2020-06-14
11880,0.0,2020-06-14
11884,0.0,2020-06-15
11888,0.0,2020-06-15
11892,0.0,2020-06-15
11896,0.0,2020-06-15
11900,0.0,2020-06-15
11904,0.0,2020-06-15
11908,0.0,2020-06-15
11912,0.0,2020-06-15
11916,0.0,2020-06-15
11920,0.0,2020-06-15
11924,0.0,2020-06-15
11928,0.0,2020-06-15
11932,0.0,2020-06-15
11936,0.0,2020-06-15
11940,0.0,2020-06-15
11944,0.0,2020-06-15
11948,0.0,2020-06-15
11952,0.0,2020-06-15
11956,0.0,2020-06-15
11960,0.0,2020-06-15
11964,0.0,2020-06-15
11968,0.0,2020-06-15
11972,0.0,2020-06-15
11976,0.0,2020-06-15
11980,11.034393939393938,2020-06-15
11984,32.669090909090905,2020-06-15
11988,86.08125541125541,2020-06-15
11992,123.09839826839828,2020-06-15
11996,200.98753246753247,2020-06-15
12000,235.79852813852816,2020-06-15
12004,220.09279220779214,2020-06-15
12008,430.7606493506495,2020-06-15
12012,494.37196969696976,2020-06-15
12016,573.6596969696968,2020-06-15
12020,647.1240692640692,2020-06-15
12024,690.1899134199134,2020-06-15
12028,489.85383116883116,2020-06-15
12032,482.55454545454546,2020-06-15
12036,322.27774891774885,2020-06-15
12040,477.16893939393935,2020-06-15
12044,632.1859523809526,2020-06-15
12048,570.4599999999999,2020-06-15
12052,502.0283982683983,2020-06-15
12056,358.67727272727274,2020-06-15
12060,346.8248268398269,2020-06-15
12064,548.0013636363635,2020-06-15
12068,406.26214285714286,2020-06-15
12072,334.98090909090917,2020-06-15
12076,449.5793939393939,2020-06-15
12080,578.1041991341991,2020-06-15
12084,440.1448484848484,2020-06-15
12088,346.21779220779223,2020-06-15
12092,412.4615151515152,2020-06-15
12096,186.29945887445885,2020-06-15
12100,403.5272510822511,2020-06-15
12104,625.5292424242424,2020-06-15
12108,659.2319913419911,2020-06-15
12112,307.1590909090909,2020-06-15
12116,545.5545670995671,2020-06-15
12120,484.4684415584416,2020-06-15
12124,421.62341991342,2020-06-15
12128,642.0115151515151,2020-06-15
12132,504.2534199134198,2020-06-15
12136,185.52638528138527,2020-06-15
12140,303.8736363636364,2020-06-15
12144,383.4381818181819,2020-06-15
12148,370.5979004329004,2020-06-15
12152,399.8645238095239,2020-06-15
12156,242.63738095238097,2020-06-15
12160,92.68002164502164,2020-06-15
12164,158.20272727272732,2020-06-15
12168,125.78727272727274,2020-06-15
12172,93.40283549783548,2020-06-15
12176,62.39584415584417,2020-06-15
12180,33.28606060606061,2020-06-15
12184,6.76547619047619,2020-06-15
12188,0.0,2020-06-15
12192,0.0,2020-06-15
12196,0.0,2020-06-15
12200,0.0,2020-06-15
12204,0.0,2020-06-15
12208,0.0,2020-06-15
12212,0.0,2020-06-15
12216,0.0,2020-06-15
12220,0.0,2020-06-15
12224,0.0,2020-06-15
12228,0.0,2020-06-15
12232,0.0,2020-06-15
12236,0.0,2020-06-15
12240,0.0,2020-06-15
12244,0.0,2020-06-15
12248,0.0,2020-06-15
12252,0.0,2020-06-15
12256,0.0,2020-06-15
12260,0.0,2020-06-15
12264,0.0,2020-06-15
12268,0.0,2020-06-16
12272,0.0,2020-06-16
12276,0.0,2020-06-16
12280,0.0,2020-06-16
12284,0.0,2020-06-16
12288,0.0,2020-06-16
12292,0.0,2020-06-16
12296,0.0,2020-06-16
12300,0.0,2020-06-16
12304,0.0,2020-06-16
12308,0.0,2020-06-16
12312,0.0,2020-06-16
12316,0.0,2020-06-16
12320,0.0,2020-06-16
12324,0.0,2020-06-16
12328,0.0,2020-06-16
12332,0.0,2020-06-16
12336,0.0,2020-06-16
12340,0.0,2020-06-16
12344,0.0,2020-06-16
12348,0.0,2020-06-16
12352,0.0,2020-06-16
12356,0.0,2020-06-16
12360,0.0,2020-06-16
12364,7.524393939393939,2020-06-16
12368,36.292056277056275,2020-06-16
12372,71.77461038961039,2020-06-16
12376,117.26727272727273,2020-06-16
12380,161.88785714285714,2020-06-16
12384,197.06816017316015,2020-06-16
12388,250.75852813852816,2020-06-16
12392,292.17588744588744,2020-06-16
12396,361.17272727272734,2020-06-16
12400,443.86969696969703,2020-06-16
12404,494.94383116883114,2020-06-16
12408,504.9594805194804,2020-06-16
12412,538.2066666666665,2020-06-16
12416,427.4660173160173,2020-06-16
12420,565.8816233766235,2020-06-16
12424,633.3014502164502,2020-06-16
12428,665.6391774891777,2020-06-16
12432,764.1548484848486,2020-06-16
12436,677.7317532467533,2020-06-16
12440,715.725541125541,2020-06-16
12444,658.2393073593072,2020-06-16
12448,742.4258874458873,2020-06-16
12452,1043.3487878787878,2020-06-16
12456,682.7000432900433,2020-06-16
12460,684.3007359307359,2020-06-16
12464,521.6569047619049,2020-06-16
12468,760.4624242424242,2020-06-16
12472,829.7365151515152,2020-06-16
12476,873.087683982684,2020-06-16
12480,854.1744372294371,2020-06-16
12484,514.2577056277056,2020-06-16
12488,637.0130303030304,2020-06-16
12492,682.4730086580086,2020-06-16
12496,225.55114718614715,2020-06-16
12500,0.0,2020-06-16
12504,541.2129437229437,2020-06-16
12508,531.4837878787878,2020-06-16
12512,555.5256926406927,2020-06-16
12516,644.0622943722943,2020-06-16
12520,486.2834848484848,2020-06-16
12524,267.35759740259743,2020-06-16
12528,368.2141341991342,2020-06-16
12532,209.48359307359306,2020-06-16
12536,178.5361471861472,2020-06-16
12540,126.16848484848488,2020-06-16
12544,52.35346320346321,2020-06-16
12548,102.05367965367964,2020-06-16
12552,82.02564935064935,2020-06-16
12556,37.96015151515152,2020-06-16
12560,23.28303030303031,2020-06-16
12564,11.76978354978355,2020-06-16
12568,0.0,2020-06-16
12572,0.0,2020-06-16
12576,0.0,2020-06-16
12580,0.0,2020-06-16
12584,0.0,2020-06-16
12588,0.0,2020-06-16
12592,0.0,2020-06-16
12596,0.0,2020-06-16
12600,0.0,2020-06-16
12604,0.0,2020-06-16
12608,0.0,2020-06-16
12612,0.0,2020-06-16
12616,0.0,2020-06-16
12620,0.0,2020-06-16
12624,0.0,2020-06-16
12628,0.0,2020-06-16
12632,0.0,2020-06-16
12636,0.0,2020-06-16
12640,0.0,2020-06-16
12644,0.0,2020-06-16
12648,0.0,2020-06-16
12652,0.0,2020-06-17
12656,0.0,2020-06-17
12660,0.0,2020-06-17
12664,0.0,2020-06-17
12668,0.0,2020-06-17
12672,0.0,2020-06-17
12676,0.0,2020-06-17
12680,0.0,2020-06-17
12684,0.0,2020-06-17
12688,0.0,2020-06-17
12692,0.0,2020-06-17
12696,0.0,2020-06-17
12700,0.0,2020-06-17
12704,0.0,2020-06-17
12708,0.0,2020-06-17
12712,0.0,2020-06-17
12716,0.0,2020-06-17
12720,0.0,2020-06-17
12724,0.0,2020-06-17
12728,0.0,2020-06-17
12732,0.0,2020-06-17
12736,0.0,2020-06-17
12740,0.0,2020-06-17
12744,0.0,2020-06-17
12748,1.5387878787878788,2020-06-17
12752,24.750216450216445,2020-06-17
12756,54.5078354978355,2020-06-17
12760,58.82090909090909,2020-06-17
12764,63.89231601731601,2020-06-17
12768,75.78402597402598,2020-06-17
12772,100.15030303030302,2020-06-17
12776,129.7389393939394,2020-06-17
12780,183.16541125541127,2020-06-17
12784,182.16580086580083,2020-06-17
12788,211.14170995670995,2020-06-17
12792,271.7924675324675,2020-06-17
12796,188.4772077922078,2020-06-17
12800,194.9418181818182,2020-06-17
12804,353.9380735930736,2020-06-17
12808,580.4050432900433,2020-06-17
12812,557.8523376623375,2020-06-17
12816,466.22948051948055,2020-06-17
12820,452.7383766233766,2020-06-17
12824,497.5224025974026,2020-06-17
12828,508.5618181818181,2020-06-17
12832,339.66088744588745,2020-06-17
12836,624.7799567099568,2020-06-17
12840,754.2273809523809,2020-06-17
12844,523.0908225108225,2020-06-17
12848,795.4776190476193,2020-06-17
12852,722.2657575757577,2020-06-17
12856,766.766774891775,2020-06-17
12860,757.978116883117,2020-06-17
12864,688.6843073593074,2020-06-17
12868,667.0922727272728,2020-06-17
12872,80.99655844155843,2020-06-17
12876,339.6854978354978,2020-06-17
12880,602.1437012987013,2020-06-17
12884,494.7421212121211,2020-06-17
12888,521.3969913419915,2020-06-17
12892,564.8434848484849,2020-06-17
12896,584.9099783549784,2020-06-17
12900,367.6145454545454,2020-06-17
12904,328.930303030303,2020-06-17
12908,299.1750432900433,2020-06-17
12912,296.02621212121204,2020-06-17
12916,280.09846320346327,2020-06-17
12920,186.59571428571425,2020-06-17
12924,53.91272727272727,2020-06-17
12928,134.64575757575756,2020-06-17
12932,136.53954545454542,2020-06-17
12936,96.97909090909091,2020-06-17
12940,60.303030303030305,2020-06-17
12944,31.900909090909092,2020-06-17
12948,19.305757575757575,2020-06-17
12952,3.4445021645021643,2020-06-17
12956,0.0,2020-06-17
12960,0.0,2020-06-17
12964,0.0,2020-06-17
12968,0.0,2020-06-17
12972,0.0,2020-06-17
12976,0.0,2020-06-17
12980,0.0,2020-06-17
12984,0.0,2020-06-17
12988,0.0,2020-06-17
12992,0.0,2020-06-17
12996,0.0,2020-06-17
13000,0.0,2020-06-17
13004,0.0,2020-06-17
13008,0.0,2020-06-17
13012,0.0,2020-06-17
13016,0.0,2020-06-17
13020,0.0,2020-06-17
13024,0.0,2020-06-17
13028,0.0,2020-06-17
13032,0.0,2020-06-17
